Workbook
Name ___in7: [2]Disclaimer!#REF!
Name ___mds_first_cell___: [3]Condition!#REF!
Name ___mds_view_data___: [3]Condition!#REF!
Name __in7: [2]Disclaimer!#REF!
Name _in7: [2]Disclaimer!#REF!
Name aaa: #REF!
Name balance_04: #REF!
Name cap_act01: #REF!
Name cap_act01_cum: #REF!
Name cap_act02: #REF!
Name cap_act02_cum: #REF!
Name cap_bud01: #REF!
Name cap_bud01_cum: #REF!
Name cap_bud02: #REF!
Name cap_bud02_cum: #REF!
Name cap_US_act01: #REF!
Name cap_US_act01_cum: #REF!
Name cap_US_bud01: #REF!
Name cap_US_bud01_cum: #REF!
Name Depo: #REF!
Name detail_act01: #REF!
Name detail_bud01: #REF!
Name execsumm: #REF!
Name H00_CEO: #REF!
Name H10_재부장: #REF!
Name H11_기획: #REF!
Name H12_금융: #REF!
Name H13_회계: #REF!
Name H14_구매: #REF!
Name H20_운부장: #REF!
Name H21_Genco: #REF!
Name H22_영업: #REF!
Name H23_인사: #REF!
Name H3300_인사팀: #REF!
Name HM_공통: #REF!
Name hnh: #REF!
Name Impres_titres_MI: #REF!
Name inc_act: #REF!
Name inc_act_cum: #REF!
Name inc_act01: #REF!
Name inc_act01_cum: #REF!
Name inc_bud_cum: #REF!
Name inc_bud01: #REF!
Name inc_bud01_cum: #REF!
Name inc_bud01Feb: #REF!
Name inc_bud01Feb_cum: #REF!
Name inc_US_act01: #REF!
Name inc_US_act01_cum: #REF!
Name inc_US_bud01: #REF!
Name inc_US_bud01_cum: #REF!
Name MIX_P: #REF!
Name MIX_R: #REF!
Name mn: #REF!
Name month: #REF!
Name month_01: #REF!
Name oper_act: #REF!
Name oper_act_cum: #REF!
Name oper_bud_cum: #REF!
Name opr_act01: #REF!
Name opr_act01_cum: #REF!

Sheet 1-1
B3: 1. 8월 자금수지(Flow) | F3: =TEXT(ROUND(G14,1),"#,##0.0")&"백만"&" ("& "기초 " &TEXT(ROUND(G7,1),"#,###.0")&"백만"&" + 자금수지차 "&TEXT(ROUND(G12,1),"#,###.0")&"백만"&IF(G3=0,""," +"&" 자금조달 "&ROUND(G13,1)&"백만")&" = 기말 "&TEXT(ROUND(G14,1),"#,##0.0")&"백만)" -> 2,390.3백만 (기초 2,421.4백만 + 자금수지차 -31.0백만 = 기말 2,390.3백만)
I5: (단위 : 백만원)
E6: 구분 | F6: 7월(a) | G6: 8월(b) | H6: b - a | I6: 비고
E7: A. 기초잔고 | F7: ='3p'!I6+'2-1'!G6 -> 2462.4959 | G7: =F14 -> 2421.3573 | H7: =G7-F7 -> -41.138569 | I7: =_xlfn.CONCAT("○ 기초잔고: 유동자금 ",TEXT('3p'!L6,"#,##0.0"),"백만, ","운용자금 ",TEXT('2-1'!J6,"#,##0"),"백만") -> ○ 기초잔고: 유동자금 321.4백만, 운용자금 2,100백만
E8: B. 수입 | F8: ='3p'!I8 -> 0.134348 | G8: ='3p'!L8 -> 0.056328 | H8: =G8-F8 -> -0.07802
E10: C. 지출 | F10: ='3p'!I13 -> 41.272917 | G10: ='3p'!L13 -> 31.092138 | H10: =G10-F10 -> -10.180779 | I10: ● 7월 : 급여 15백만, 부가세 납부 3.7백만 등
I11: ○ 8월 : 급여 15백만 등
E12: D. 자금수지차 (=B-C) | F12: =F8-F10 -> -41.138569 | G12: =G8-G10 -> -31.03581 | H12: =G12-F12 -> 10.102759
E13: E. 자금조달 | F13: ='3p'!I45 -> 0 | G13: ='3p'!L45 -> 0 | H13: =G13-F13 -> 0
E14: G. 기말잔고 (=A+D+E) | F14: =F7+F12+F13 -> 2421.3573 | G14: =IF((G7+G12+G13)='2-2'!G16,(G7+G12+G13),'2-2'!G16) -> 2390.3215 | H14: =G14-F14 -> -31.03581 | I14: =_xlfn.CONCAT("○ 기말잔고: 유동자금 ",TEXT('3p'!L49,"#,##0.0"),"백만, ","운용자금 ",TEXT('2-1'!J12,"#,##0"),"백만") -> ○ 기말잔고: 유동자금 290.3백만, 운용자금 2,100백만
F16: ='3p'!I49+'2-1'!G12 -> 2421.3573 | G16: ='3p'!L49+'2-1'!J12 -> 2390.3215
F17: =F16=F14 -> TRUE | G17: =G16=G14 -> TRUE

Sheet 1-2
B2: 2. 유동자금 계획
G3: (단위 : 백만원, 천$)
C4: 구분 | D4: 8월 계획 | G4: 비고
D5: 원화 | E5: 외화($) | F5: 환산 계
C6: A. 기초 유동잔고 | D6: ='3p'!J6 -> 321.35731 | E6: ='3p'!K6/1000 -> 0 | F6: ='3p'!L6 -> 321.35731
C7: B. 수입 | D7: ='3p'!J8 -> 0.056328 | E7: ='3p'!K7/1000 -> 0 | F7: ='3p'!L8 -> 0.056328
C8: C. 지출 | D8: ='3p'!J13 -> 31.092138 | E8: ='3p'!K13/1000 -> 0 | F8: ='3p'!L13 -> 31.092138
C9: D. 자금수지차 (=B-C) | D9: =D7-D8 -> -31.03581 | E9: =E7-E8 -> 0 | F9: =F7-F8 -> -31.03581
C10: E. 자금과부족 (=A+D) | D10: =D6+D9 -> 290.3215 | E10: =E6+E9 -> 0 | F10: =F6+F9 -> 290.3215
C11: F. 운용자금 활용(해지) | D11: ='3p'!L40 -> 0 | E11: ='3p'!K45/1000 -> 0 | F11: =D11 -> 0
C12: G. 예치 전 기말 유동잔고(=E+F) | D12: =D10+D11 -> 290.3215 | E12: =E10+E11 -> 0 | F12: =F10+F11 -> 290.3215
C13: H. 예치 자금(=G-K) | D13: ='3p'!J41 -> 0 | E13: ='3p'!K41/1000 -> 0 | F13: ='3p'!L41 -> 0
C14: I. 기말 유동잔고 | D14: ='3p'!J49 -> 290.3215 | E14: ='3p'!K49/1000 -> 0 | F14: ='3p'!L49 -> 290.3215
C17: 구분 | D17: 6월 계획 | G17: 비고
D18: 원화 | E18: 외화($) | F18: 환산 계
C19: A. 기초잔고 (1월말 실적) | D19: =D6/100 -> 3.2135731 | E19: =E6/1000 -> 0 | F19: =F6/100 -> 3.2135731
D20: =#REF!/100 -> #REF! | E20: =#REF!/1000 -> #REF! | F20: =#REF!/100 -> #REF!
D21: =D7/100 -> 0.00056328 | E21: =E7/1000 -> 0 | F21: =F7/100 -> 0.00056328
D22: =#REF!/100 -> #REF! | E22: =#REF!/1000 -> #REF! | F22: =#REF!/100 -> #REF!
D23: =#REF!/100 -> #REF! | E23: =#REF!/1000 -> #REF! | F23: =#REF!/100 -> #REF!
D24: =D8/100 -> 0.31092138 | E24: =E8/1000 -> 0 | F24: =F8/100 -> 0.31092138
D26: =#REF!/100 -> #REF! | E26: =#REF!/1000 -> #REF! | F26: =#REF!/100 -> #REF!
C28: B. 자금수지차 (=a-b) | D28: =D9/100 -> -0.3103581 | E28: =E9/1000 -> 0 | F28: =F9/100 -> -0.3103581
C29: C. 기타 입출금(=c+d) | D29: =#REF!/100 -> #REF! | E29: =#REF!/1000 -> #REF! | F29: =#REF!/100 -> #REF!
D30: =D11/100 -> 0 | E30: =E11/100 -> 0 | F30: =F11/100 -> 0
C32: D. 자금과부족(=A+B+C) | D32: =D10/100 -> 2.903215 | E32: =E10/1000 -> 0 | F32: =F10/100 -> 2.903215
C33: E. 신규예치 가용금액 | D33: =D13/100 -> 0 | E33: =E13/1000 -> 0 | F33: =F13/100 -> 0
C34: F. 기말 잔고(6월말 계획=D-E) | D34: =D14/100 -> 2.903215 | E34: =E14/1000 -> 0 | F34: =F14/100 -> 2.903215
G36: `

Sheet 2-1
B2: 2. 운용자금 계획
K3: (단위 : 백만원, 천$)
C4: 구분 | E4: 7월 실적 | H4: 8월 계획 | K4: 비고
E5: 원화 | F5: 외화($) | G5: 환산 계 | H5: 원화 | I5: 외화($) | J5: 환산 계
C6: A. 기초자금 | E6: 2100 | F6: 0 | G6: =E6+F6*'7월데이터'!$I$1/1000 -> 2100 | H6: =E12 -> 2100 | I6: 0 | J6: =G12 -> 2100
C7: B. 해지(감소) | E7: ='3p'!G40 -> 0 | F7: ='3p'!H40 -> 0 | G7: ='3p'!I40 -> 0 | H7: ='3p'!J40 -> 0 | I7: ='3p'!K40 -> 0 | J7: ='3p'!L40 -> 0
C8: C. 금융기관예치 | E8: =IF(SUM(E9:E10)='3p'!G41,'3p'!G41,"불일치") -> 0 | F8: =IF(SUM(F9:F10)='3p'!H41,'3p'!H41,"불일치") -> 0 | G8: =IF(SUM(G9:G10)='3p'!I41,'3p'!I41,"불일치") -> 0 | H8: =IF(SUM(H9:H10)='3p'!J41,'3p'!J41,"불일치") -> 0 | I8: =IF(SUM(I9:I10)='3p'!K41,'3p'!K41,"불일치") -> 0 | J8: =IF(SUM(J9:J10)='3p'!L41,'3p'!L41,"불일치") -> 0
D9: 재예치 | E9: 0 | F9: 0 | G9: =E9+F9*'7월데이터'!$I$1/1000 -> 0 | H9: 0 | I9: 0 | J9: =H9+I9*'8월데이터'!$I$1/1000 -> 0
D10: 신규예치 | E10: 0 | F10: ='3p'!H41 -> 0 | G10: =E10+F10*'7월데이터'!$I$1/1000 -> 0 | H10: 0 | I10: ='3p'!K41 -> 0 | J10: =H10+I10*'8월데이터'!$I$1/1000 -> 0
C11: D. 운용자금 증감 (=C-B) | E11: =E8-E7 -> 0 | F11: =F8-F7 -> 0 | G11: =G8-G7 -> 0 | H11: =H8-H7 -> 0 | I11: =I8-I7 -> 0 | J11: =J8-J7 -> 0
C12: E. 기말자금 (=A+D) | E12: =E6+E11 -> 2100 | F12: =F6+F11 -> 0 | G12: =G6+G11 -> 2100 | H12: =H6+H11 -> 2100 | I12: =I6+I11 -> 0 | J12: =J6+J11 -> 2100
C14: ※ 외부 정합성 검증 (일일자금계획 파일 마지막 시트 대비)
C15: ① 유동자금 기말 — 집계값 (3p!I49) | G15: ='3p'!I49 -> 321.35731
C16: ② 유동자금 기말 — 실측값 (수시입출예금 당일잔액) | G16: 0
C18: ③ 운용자금 기말 — 집계값 (2-1!G12) | G18: =G12 -> 2100
C19: ④ 운용자금 기말 — 실측값 (운용자금 당일잔액) | G19: 0
C20: ⑤ 검증 결과 | G20: =IF(AND(G16=0,G19=0),"실측값 미입력",IF(AND(ABS(G15-G16)<0.0005,ABS(G18-G19)<0.0005),"일치","불일치 (유동 "&TEXT(G15-G16,"+#,##0.0;-#,##0.0;0")&" / 운용 "&TEXT(G18-G19,"+#,##0.0;-#,##0.0;0")&")")) -> 실측값 미입력

Sheet 2-2
B3: 4. 7월 말 자금(stock) : | F3: =TEXT(ROUND(G14,1),"#,##0.0")&"백만 (전월 대비 "&ROUND(H16,1)&"백만) = 유동자금 "&ROUND(G10,1)&"백만 ("&TEXT(ROUND(H10,1),"+#,##0.0;-#,##0.0;0")&"백만) + 운용자금 "&TEXT(ROUND(G13,1),"#,##0")&"백만 ("&TEXT(ROUND(H13,1),"+#,##0;-#,##0;0")&"백만)" -> 2,390.3백만 (전월 대비 -31백만) = 유동자금 290.3백만 (-31.0백만) + 운용자금 2,100백만 (0백만)
I4: (단위 : 백만원, 천$)
D5: 구분 | F5: 7월(a) | G5: 8월(b) | H5: b – a | I5: 비고
D6: A. 유동자금 | E6: 원화 | F6: ='3p'!G49 -> 321.35731 | G6: ='3p'!J49 -> 290.3215 | H6: =ROUND(G6-F6,2) -> -31.04 | I6: =K6 -> ① 원화 : -31.0백만 (= 수지차-31.0백만 + 운용자금 만기해지 +0백만) | K6: =_xlfn.CONCAT(" ① 원화 : ",TEXT(H6, "+#,##0.0;-#,##0.0;0"),"백만"," (= 수지차",TEXT('3p'!J7, "+#,##0.0;-#,##0.0;0"),"백만 ","+ 운용자금 만기해지 +",'3p'!J40,"백만)") -> ① 원화 : -31.0백만 (= 수지차-31.0백만 + 운용자금 만기해지 +0백만)
E7: 외화($) | F7: ='3p'!H49/1000 -> 0 | G7: ='3p'!K49 -> 0 | H7: =G7-F7 -> 0 | I7: ② 외화 : $ -천
I8: · 수입 : -
I9: · 지출 : -
D10: 환산 계 | F10: ='3p'!I49 -> 321.35731 | G10: ='3p'!L49 -> 290.3215 | H10: =ROUND(G10-F10,2) -> -31.04
D11: B. 운용자금 | E11: 원화 | F11: ='2-1'!E12 -> 2100 | G11: ='2-1'!H12 -> 2100 | H11: =G11-F11 -> 0
E12: 외화($) | F12: ='2-1'!F12 -> 0 | G12: ='2-1'!I12 -> 0 | H12: =G12-F12 -> 0
D13: 환산 계 | F13: ='2-1'!G12 -> 2100 | G13: ='2-1'!J12 -> 2100 | H13: =G13-F13 -> 0
D14: C. 기말자금 | E14: 원화 | F14: =F6+F11 -> 2421.3573 | G14: =G6+G11 -> 2390.3215 | H14: =G14-F14 -> -31.03581
D15: (A+B) | E15: 외화($) | F15: =F7+F12 -> 0 | G15: =G7+G12 -> 0 | H15: =G15-F15 -> 0
D16: 환산 계 | F16: =F10+F13 -> 2421.3573 | G16: =G10+G13 -> 2390.3215 | H16: =G16-F16 -> -31.03581
D17: 달러화 비율 | F17: =1-(F14/F16) -> 0 | G17: =1-(G14/G16) -> 0

Sheet 3p
A2: Ⅱ. 유동자금 계획 세부 내역 | I2: 784638
N3: (단위 : 백만원, 천$) | O3: 실적 환율(전월말 매매기준율) | P3: ='7월데이터'!$I$1 -> 1541.5
C4: 구분 | G4: 7월(실적) | J4: 8월(계획) | M4: b-a | N4: 비고 | O4: 계획 환율(전월말 매매기준율) | P4: ='8월데이터'!$I$1 -> 1541.5
G5: 원화 | H5: 외화($) | I5: 환산계(a) | J5: 원화 | K5: 외화($) | L5: 환산계(b)
C6: A. 기초유동잔고 | G6: 362.49588 | I6: =G6+H6*$P$3/1000 -> 362.49588 | J6: =G49 -> 321.35731 | K6: =H49 -> 0 | L6: =J6+K6*$P$4/1000 -> 321.35731 | M6: =L6-I6 -> -41.138569
C7: B. 수지차(=수입-지출) | G7: =G8-G13 -> -41.138569 | H7: =H8-H13 -> 0 | I7: =I8-I13 -> -41.138569 | J7: =J8-J13 -> -31.03581 | K7: =K8-K13 -> 0 | L7: =L8-L13 -> -31.03581 | M7: =-(L7-I7) -> -10.102759
D8: 수입 | G8: =SUM(G9:G12) -> 0.134348 | H8: =SUM(H9:H12) -> 0 | I8: =SUM(I9:I12) -> 0.134348 | J8: =SUM(J9:J12) -> 0.056328 | K8: =SUM(K9:K12) -> 0 | L8: =SUM(L9:L12) -> 0.056328 | M8: =SUM(M9:M12) -> -0.07802
E9: 매출 | G9: =SUMIFS('7월데이터'!$E:$E,'7월데이터'!$A:$A,"외상매출금",'7월데이터'!$D:$D,"KRW")/1000000 -> 0.056328 | H9: =SUMIFS('7월데이터'!$E:$E,'7월데이터'!$A:$A,"외상매출금",'7월데이터'!$D:$D,"USD")/1000 -> 0 | I9: =G9+H9*$P$3/1000 -> 0.056328 | J9: =SUMIFS('8월데이터'!$E:$E,'8월데이터'!$A:$A,"외상매출금",'8월데이터'!$D:$D,"KRW")/1000000 -> 0.056328 | K9: =SUMIFS('8월데이터'!$E:$E,'8월데이터'!$A:$A,"외상매출금",'8월데이터'!$D:$D,"USD")/1000 -> 0 | L9: =J9+K9*$P$4/1000 -> 0.056328 | M9: =L9-I9 -> 0
E10: 세금환급 | G10: =SUMIFS('7월데이터'!$E:$E,'7월데이터'!$A:$A,"세금환급",'7월데이터'!$D:$D,"KRW")/1000000 -> 0 | H10: =SUMIFS('7월데이터'!$E:$E,'7월데이터'!$A:$A,"세금환급",'7월데이터'!$D:$D,"USD")/1000 -> 0 | I10: =G10+H10*$P$3/1000 -> 0 | J10: =SUMIFS('8월데이터'!$E:$E,'8월데이터'!$A:$A,"세금환급",'8월데이터'!$D:$D,"KRW")/1000000 -> 0 | K10: =SUMIFS('8월데이터'!$E:$E,'8월데이터'!$A:$A,"세금환급",'8월데이터'!$D:$D,"USD")/1000 -> 0 | L10: =J10+K10*$P$4/1000 -> 0 | M10: =L10-I10 -> 0
E11: 이자수익 | G11: =SUMIFS('7월데이터'!$E:$E,'7월데이터'!$A:$A,"이자수익",'7월데이터'!$D:$D,"KRW")/1000000 -> 0 | H11: =SUMIFS('7월데이터'!$E:$E,'7월데이터'!$A:$A,"이자수익",'7월데이터'!$D:$D,"USD")/1000 -> 0 | I11: =G11+H11*$P$3/1000 -> 0 | J11: =SUMIFS('8월데이터'!$E:$E,'8월데이터'!$A:$A,"이자수익",'8월데이터'!$D:$D,"KRW")/1000000 -> 0 | K11: =SUMIFS('8월데이터'!$E:$E,'8월데이터'!$A:$A,"이자수익",'8월데이터'!$D:$D,"USD")/1000 -> 0 | L11: =J11+K11*$P$4/1000 -> 0 | M11: =L11-I11 -> 0
E12: 기타 | G12: =SUMIFS('7월데이터'!$E:$E,'7월데이터'!$A:$A,"기타",'7월데이터'!$D:$D,"KRW")/1000000+SUMIFS('7월데이터'!$E:$E,'7월데이터'!$A:$A,"수입임대료",'7월데이터'!$D:$D,"KRW")/1000000 -> 0.07802 | H12: =SUMIFS('7월데이터'!$E:$E,'7월데이터'!$A:$A,"기타",'7월데이터'!$D:$D,"USD")/1000+SUMIFS('7월데이터'!$E:$E,'7월데이터'!$A:$A,"수입임대료",'7월데이터'!$D:$D,"USD")/1000 -> 0 | I12: =G12+H12*$P$3/1000 -> 0.07802 | J12: =SUMIFS('8월데이터'!$E:$E,'8월데이터'!$A:$A,"기타",'8월데이터'!$D:$D,"KRW")/1000000+SUMIFS('8월데이터'!$E:$E,'8월데이터'!$A:$A,"수입임대료",'8월데이터'!$D:$D,"KRW")/1000000 -> 0 | K12: =SUMIFS('8월데이터'!$E:$E,'8월데이터'!$A:$A,"기타",'8월데이터'!$D:$D,"USD")/1000+SUMIFS('8월데이터'!$E:$E,'8월데이터'!$A:$A,"수입임대료",'8월데이터'!$D:$D,"USD")/1000 -> 0 | L12: =J12+K12*$P$4/1000 -> 0 | M12: =L12-I12 -> -0.07802
D13: 지출 | G13: =SUM(G14,G19,G20,G25:G28) -> 41.272917 | H13: =SUM(H14,H19,H20,H25:H28) -> 0 | I13: =SUM(I14,I19,I20,I25:I28) -> 41.272917 | J13: =SUM(J14,J19,J20,J25:J28) -> 31.092138 | K13: =SUM(K14,K19,K20,K25:K28) -> 0 | L13: =SUM(L14,L19,L20,L25:L28) -> 31.092138 | M13: =L13-I13 -> -10.180779
E14: 인건비 | G14: =SUM(G15:G18) -> 19.669627 | H14: =SUM(H15:H18) -> 0 | I14: =SUM(I15:I18) -> 19.669627 | J14: =SUM(J15:J18) -> 19.93247 | K14: =SUM(K15:K18) -> 0 | L14: =SUM(L15:L18) -> 19.93247 | M14: =L14-I14 -> 0.262843
F15: 급여 | G15: =SUMIFS('7월데이터'!$F:$F,'7월데이터'!$A:$A,"급여",'7월데이터'!$D:$D,"KRW")/1000000 -> 14.816477 | H15: =SUMIFS('7월데이터'!$F:$F,'7월데이터'!$A:$A,"급여",'7월데이터'!$D:$D,"USD")/1000 -> 0 | I15: =G15+H15*$P$3/1000 -> 14.816477 | J15: =SUMIFS('8월데이터'!$F:$F,'8월데이터'!$A:$A,"급여",'8월데이터'!$D:$D,"KRW")/1000000 -> 15 | K15: =SUMIFS('8월데이터'!$F:$F,'8월데이터'!$A:$A,"급여",'8월데이터'!$D:$D,"USD")/1000 -> 0 | L15: =J15+K15*$P$4/1000 -> 15 | M15: =L15-I15 -> 0.183523
F16: 상여 | G16: =SUMIFS('7월데이터'!$F:$F,'7월데이터'!$A:$A,"상여",'7월데이터'!$D:$D,"KRW")/1000000 -> 0 | H16: =SUMIFS('7월데이터'!$F:$F,'7월데이터'!$A:$A,"상여",'7월데이터'!$D:$D,"USD")/1000 -> 0 | I16: =G16+H16*$P$3/1000 -> 0 | J16: =SUMIFS('8월데이터'!$F:$F,'8월데이터'!$A:$A,"상여",'8월데이터'!$D:$D,"KRW")/1000000 -> 0 | K16: =SUMIFS('8월데이터'!$F:$F,'8월데이터'!$A:$A,"상여",'8월데이터'!$D:$D,"USD")/1000 -> 0 | L16: =J16+K16*$P$4/1000 -> 0 | M16: =L16-I16 -> 0
F17: 퇴직연금 | G17: =SUMIFS('7월데이터'!$F:$F,'7월데이터'!$A:$A,"퇴직연금",'7월데이터'!$D:$D,"KRW")/1000000 -> 1.92848 | H17: =SUMIFS('7월데이터'!$F:$F,'7월데이터'!$A:$A,"퇴직연금",'7월데이터'!$D:$D,"USD")/1000 -> 0 | I17: =G17+H17*$P$3/1000 -> 1.92848 | J17: =SUMIFS('8월데이터'!$F:$F,'8월데이터'!$A:$A,"퇴직연금",'8월데이터'!$D:$D,"KRW")/1000000 -> 1.92848 | K17: =SUMIFS('8월데이터'!$F:$F,'8월데이터'!$A:$A,"퇴직연금",'8월데이터'!$D:$D,"USD")/1000 -> 0 | L17: =J17+K17*$P$4/1000 -> 1.92848 | M17: =L17-I17 -> 0
F18: 4대보험 | G18: =SUMIFS('7월데이터'!$F:$F,'7월데이터'!$A:$A,"4대보험",'7월데이터'!$D:$D,"KRW")/1000000 -> 2.92467 | H18: =SUMIFS('7월데이터'!$F:$F,'7월데이터'!$A:$A,"4대보험",'7월데이터'!$D:$D,"USD")/1000 -> 0 | I18: =G18+H18*$P$3/1000 -> 2.92467 | J18: =SUMIFS('8월데이터'!$F:$F,'8월데이터'!$A:$A,"4대보험",'8월데이터'!$D:$D,"KRW")/1000000 -> 3.00399 | K18: =SUMIFS('8월데이터'!$F:$F,'8월데이터'!$A:$A,"4대보험",'8월데이터'!$D:$D,"USD")/1000 -> 0 | L18: =J18+K18*$P$4/1000 -> 3.00399 | M18: =L18-I18 -> 0.07932
E19: 마케팅비 | G19: =SUMIFS('7월데이터'!$F:$F,'7월데이터'!$A:$A,"마케팅비",'7월데이터'!$D:$D,"KRW")/1000000 -> 0 | H19: =SUMIFS('7월데이터'!$F:$F,'7월데이터'!$A:$A,"마케팅비",'7월데이터'!$D:$D,"USD")/1000 -> 0 | I19: =G19+H19*$P$3/1000 -> 0 | J19: =SUMIFS('8월데이터'!$F:$F,'8월데이터'!$A:$A,"마케팅비",'8월데이터'!$D:$D,"KRW")/1000000 -> 0 | K19: =SUMIFS('8월데이터'!$F:$F,'8월데이터'!$A:$A,"마케팅비",'8월데이터'!$D:$D,"USD")/1000 -> 0 | L19: =J19+K19*$P$4/1000 -> 0 | M19: =L19-I19 -> 0
E20: 제세공과금 | G20: =SUM(G21:G24) -> 7.57959 | H20: =SUM(H21:H24) -> 0 | I20: =SUM(I21:I24) -> 7.57959 | J20: =SUM(J21:J24) -> 4.17024 | K20: =SUM(K21:K24) -> 0 | L20: =SUM(L21:L24) -> 4.17024 | M20: =L20-I20 -> -3.40935
F21: 법인세 | G21: =SUMIFS('7월데이터'!$F:$F,'7월데이터'!$A:$A,"법인세",'7월데이터'!$D:$D,"KRW")/1000000 -> 0 | H21: =SUMIFS('7월데이터'!$F:$F,'7월데이터'!$A:$A,"법인세",'7월데이터'!$D:$D,"USD")/1000 -> 0 | I21: =G21+H21*$P$3/1000 -> 0 | J21: =SUMIFS('8월데이터'!$F:$F,'8월데이터'!$A:$A,"법인세",'8월데이터'!$D:$D,"KRW")/1000000 -> 0 | K21: =SUMIFS('8월데이터'!$F:$F,'8월데이터'!$A:$A,"법인세",'8월데이터'!$D:$D,"USD")/1000 -> 0 | L21: =J21+K21*$P$4/1000 -> 0 | M21: =L21-I21 -> 0
F22: 부가가치세 | G22: =SUMIFS('7월데이터'!$F:$F,'7월데이터'!$A:$A,"부가가치세",'7월데이터'!$D:$D,"KRW")/1000000 -> 3.65935 | H22: =SUMIFS('7월데이터'!$F:$F,'7월데이터'!$A:$A,"부가가치세",'7월데이터'!$D:$D,"USD")/1000 -> 0 | I22: =G22+H22*$P$3/1000 -> 3.65935 | J22: =SUMIFS('8월데이터'!$F:$F,'8월데이터'!$A:$A,"부가가치세",'8월데이터'!$D:$D,"KRW")/1000000 -> 0 | K22: =SUMIFS('8월데이터'!$F:$F,'8월데이터'!$A:$A,"부가가치세",'8월데이터'!$D:$D,"USD")/1000 -> 0 | L22: =J22+K22*$P$4/1000 -> 0 | M22: =L22-I22 -> -3.65935 | N22: ∙7월 : 1기 확정 부가가치세 납부 3.7백만
F23: 원천세 | G23: =SUMIFS('7월데이터'!$F:$F,'7월데이터'!$A:$A,"원천세",'7월데이터'!$D:$D,"KRW")/1000000 -> 3.92024 | H23: =SUMIFS('7월데이터'!$F:$F,'7월데이터'!$A:$A,"원천세",'7월데이터'!$D:$D,"USD")/1000 -> 0 | I23: =G23+H23*$P$3/1000 -> 3.92024 | J23: =SUMIFS('8월데이터'!$F:$F,'8월데이터'!$A:$A,"원천세",'8월데이터'!$D:$D,"KRW")/1000000 -> 3.92024 | K23: =SUMIFS('8월데이터'!$F:$F,'8월데이터'!$A:$A,"원천세",'8월데이터'!$D:$D,"USD")/1000 -> 0 | L23: =J23+K23*$P$4/1000 -> 3.92024 | M23: =L23-I23 -> 0
F24: 기타제세공과금 | G24: =SUMIFS('7월데이터'!$F:$F,'7월데이터'!$A:$A,"기타제세공과금",'7월데이터'!$D:$D,"KRW")/1000000 -> 0 | H24: =SUMIFS('7월데이터'!$F:$F,'7월데이터'!$A:$A,"기타제세공과금",'7월데이터'!$D:$D,"USD")/1000 -> 0 | I24: =G24+H24*$P$3/1000 -> 0 | J24: =SUMIFS('8월데이터'!$F:$F,'8월데이터'!$A:$A,"기타제세공과금",'8월데이터'!$D:$D,"KRW")/1000000 -> 0.25 | K24: =SUMIFS('8월데이터'!$F:$F,'8월데이터'!$A:$A,"기타제세공과금",'8월데이터'!$D:$D,"USD")/1000 -> 0 | L24: =J24+K24*$P$4/1000 -> 0.25 | M24: =L24-I24 -> 0.25
E25: 지급이자 | G25: =SUMIFS('7월데이터'!$F:$F,'7월데이터'!$A:$A,"지급이자",'7월데이터'!$D:$D,"KRW")/1000000 -> 0 | H25: =SUMIFS('7월데이터'!$F:$F,'7월데이터'!$A:$A,"지급이자",'7월데이터'!$D:$D,"USD")/1000 -> 0 | I25: =G25+H25*$P$3/1000 -> 0 | J25: =SUMIFS('8월데이터'!$F:$F,'8월데이터'!$A:$A,"지급이자",'8월데이터'!$D:$D,"KRW")/1000000 -> 0 | K25: =SUMIFS('8월데이터'!$F:$F,'8월데이터'!$A:$A,"지급이자",'8월데이터'!$D:$D,"USD")/1000 -> 0 | L25: =J25+K25*$P$4/1000 -> 0 | M25: =L25-I25 -> 0
E26: 자산매입 | G26: =SUMIFS('7월데이터'!$F:$F,'7월데이터'!$A:$A,"S/W",'7월데이터'!$D:$D,"KRW")/1000000+SUMIFS('7월데이터'!$F:$F,'7월데이터'!$A:$A,"H/W",'7월데이터'!$D:$D,"KRW")/1000000+SUMIFS('7월데이터'!$F:$F,'7월데이터'!$A:$A,"시설장치",'7월데이터'!$D:$D,"KRW")/1000000+SUMIFS('7월데이터'!$F:$F,'7월데이터'!$A:$A,"차량",'7월데이터'!$D:$D,"KRW")/1000000 -> 0 | H26: =SUMIFS('7월데이터'!$F:$F,'7월데이터'!$A:$A,"S/W",'7월데이터'!$D:$D,"USD")/1000+SUMIFS('7월데이터'!$F:$F,'7월데이터'!$A:$A,"H/W",'7월데이터'!$D:$D,"USD")/1000+SUMIFS('7월데이터'!$F:$F,'7월데이터'!$A:$A,"시설장치",'7월데이터'!$D:$D,"USD")/1000 -> 0 | I26: =G26+H26*$P$3/1000 -> 0 | J26: =SUMIFS('8월데이터'!$F:$F,'8월데이터'!$A:$A,"S/W",'8월데이터'!$D:$D,"KRW")/1000000+SUMIFS('8월데이터'!$F:$F,'8월데이터'!$A:$A,"H/W",'8월데이터'!$D:$D,"KRW")/1000000+SUMIFS('8월데이터'!$F:$F,'8월데이터'!$A:$A,"시설장치",'8월데이터'!$D:$D,"KRW")/1000000+SUMIFS('8월데이터'!$F:$F,'8월데이터'!$A:$A,"차량",'8월데이터'!$D:$D,"KRW")/1000000 -> 0 | K26: =SUMIFS('8월데이터'!$F:$F,'8월데이터'!$A:$A,"S/W",'8월데이터'!$D:$D,"USD")/1000+SUMIFS('8월데이터'!$F:$F,'8월데이터'!$A:$A,"H/W",'8월데이터'!$D:$D,"USD")/1000+SUMIFS('8월데이터'!$F:$F,'8월데이터'!$A:$A,"시설장치",'8월데이터'!$D:$D,"USD")/1000 -> 0 | L26: =J26+K26*$P$4/1000 -> 0 | M26: =L26-I26 -> 0
E27: 투자금 | G27: =SUMIFS('7월데이터'!$F:$F,'7월데이터'!$A:$A,"투자금",'7월데이터'!$D:$D,"KRW")/1000000 -> 0 | H27: =SUMIFS('7월데이터'!$F:$F,'7월데이터'!$A:$A,"투자금",'7월데이터'!$D:$D,"USD")/1000 -> 0 | I27: =G27+H27*$P$3/1000 -> 0 | J27: =SUMIFS('8월데이터'!$F:$F,'8월데이터'!$A:$A,"투자금",'8월데이터'!$D:$D,"KRW")/1000000 -> 0 | K27: =SUMIFS('8월데이터'!$F:$F,'8월데이터'!$A:$A,"투자금",'8월데이터'!$D:$D,"USD")/1000 -> 0 | L27: =J27+K27*$P$4/1000 -> 0 | M27: =L27-I27 -> 0
E28: 기타 | G28: =SUM(G29:G32) -> 14.0237 | H28: =SUM(H29:H32) -> 0 | I28: =SUM(I29:I32) -> 14.0237 | J28: =SUM(J29:J32) -> 6.989428 | K28: =SUM(K29:K32) -> 0 | L28: =SUM(L29:L32) -> 6.989428 | M28: =L28-I28 -> -7.034272
F29: 전산관련지출 | G29: =SUMIFS('7월데이터'!$F:$F,'7월데이터'!$A:$A,"전산관련지출",'7월데이터'!$D:$D,"KRW")/1000000 -> 0.685391 | H29: =SUMIFS('7월데이터'!$F:$F,'7월데이터'!$A:$A,"전산관련지출",'7월데이터'!$D:$D,"USD")/1000 -> 0 | I29: =G29+H29*$P$3/1000 -> 0.685391 | J29: =SUMIFS('8월데이터'!$F:$F,'8월데이터'!$A:$A,"전산관련지출",'8월데이터'!$D:$D,"KRW")/1000000 -> 0.685025 | K29: =SUMIFS('8월데이터'!$F:$F,'8월데이터'!$A:$A,"전산관련지출",'8월데이터'!$D:$D,"USD")/1000 -> 0 | L29: =J29+K29*$P$4/1000 -> 0.685025 | M29: =L29-I29 -> -0.000366
F30: 개발 외주용역비 | G30: =SUMIFS('7월데이터'!$F:$F,'7월데이터'!$A:$A,"외주용역비",'7월데이터'!$D:$D,"KRW")/1000000 -> 0 | H30: =SUMIFS('7월데이터'!$F:$F,'7월데이터'!$A:$A,"외주용역비",'7월데이터'!$D:$D,"USD")/1000 -> 0 | I30: =G30+H30*$P$3/1000 -> 0 | J30: =SUMIFS('8월데이터'!$F:$F,'8월데이터'!$A:$A,"외주용역비",'8월데이터'!$D:$D,"KRW")/1000000 -> 0 | K30: =SUMIFS('8월데이터'!$F:$F,'8월데이터'!$A:$A,"외주용역비",'8월데이터'!$D:$D,"USD")/1000 -> 0 | L30: =J30+K30*$P$4/1000 -> 0 | M30: =L30-I30 -> 0
F31: 경영, 업무지원, 운영용역비 | G31: =SUMIFS('7월데이터'!$F:$F,'7월데이터'!$A:$A,"경영지원용역비",'7월데이터'!$D:$D,"KRW")/1000000 -> 3.309631 | H31: =SUMIFS('7월데이터'!$F:$F,'7월데이터'!$A:$A,"경영지원용역비",'7월데이터'!$D:$D,"USD")/1000 -> 0 | I31: =G31+H31*$P$3/1000 -> 3.309631 | J31: =SUMIFS('8월데이터'!$F:$F,'8월데이터'!$A:$A,"경영지원용역비",'8월데이터'!$D:$D,"KRW")/1000000 -> 0.043689 | K31: =SUMIFS('8월데이터'!$F:$F,'8월데이터'!$A:$A,"경영지원용역비",'8월데이터'!$D:$D,"USD")/1000 -> 0 | L31: =J31+K31*$P$4/1000 -> 0.043689 | M31: =L31-I31 -> -3.265942 | N31: ∙7월 : 그룹사 공용비용 지급
F32: 기타 | G32: =SUMIFS('7월데이터'!$F:$F,'7월데이터'!$A:$A,"기타",'7월데이터'!$D:$D,"KRW")/1000000+SUMIFS('7월데이터'!$F:$F,'7월데이터'!$A:$A,"지급임차료",'7월데이터'!$D:$D,"KRW")/1000000+SUMIFS('7월데이터'!$F:$F,'7월데이터'!$A:$A,"지급수수료",'7월데이터'!$D:$D,"KRW")/1000000+SUMIFS('7월데이터'!$F:$F,'7월데이터'!$A:$A,"복리후생비",'7월데이터'!$D:$D,"KRW")/1000000+SUMIFS('7월데이터'!$F:$F,'7월데이터'!$A:$A,"식당운영비",'7월데이터'!$D:$D,"KRW")/1000000+SUMIFS('7월데이터'!$F:$F,'7월데이터'!$A:$A,"직원비용",'7월데이터'!$D:$D,"KRW")/1000000 -> 10.028678 | H32: =SUMIFS('7월데이터'!$F:$F,'7월데이터'!$A:$A,"기타",'7월데이터'!$D:$D,"USD")/1000+SUMIFS('7월데이터'!$F:$F,'7월데이터'!$A:$A,"지급임차료",'7월데이터'!$D:$D,"USD")/1000+SUMIFS('7월데이터'!$F:$F,'7월데이터'!$A:$A,"지급수수료",'7월데이터'!$D:$D,"USD")/1000+SUMIFS('7월데이터'!$F:$F,'7월데이터'!$A:$A,"복리후생비",'7월데이터'!$D:$D,"USD")/1000+SUMIFS('7월데이터'!$F:$F,'7월데이터'!$A:$A,"식당운영비",'7월데이터'!$D:$D,"USD")/1000+SUMIFS('7월데이터'!$F:$F,'7월데이터'!$A:$A,"직원비용",'7월데이터'!$D:$D,"USD")/1000 -> 0 | I32: =G32+H32*$P$3/1000 -> 10.028678 | J32: =SUMIFS('8월데이터'!$F:$F,'8월데이터'!$A:$A,"기타",'8월데이터'!$D:$D,"KRW")/1000000+SUMIFS('8월데이터'!$F:$F,'8월데이터'!$A:$A,"지급임차료",'8월데이터'!$D:$D,"KRW")/1000000+SUMIFS('8월데이터'!$F:$F,'8월데이터'!$A:$A,"지급수수료",'8월데이터'!$D:$D,"KRW")/1000000+SUMIFS('8월데이터'!$F:$F,'8월데이터'!$A:$A,"복리후생비",'8월데이터'!$D:$D,"KRW")/1000000+SUMIFS('8월데이터'!$F:$F,'8월데이터'!$A:$A,"식당운영비",'8월데이터'!$D:$D,"KRW")/1000000+SUMIFS('8월데이터'!$F:$F,'8월데이터'!$A:$A,"직원비용",'8월데이터'!$D:$D,"KRW")/1000000 -> 6.260714 | K32: =SUMIFS('8월데이터'!$F:$F,'8월데이터'!$A:$A,"기타",'8월데이터'!$D:$D,"USD")/1000+SUMIFS('8월데이터'!$F:$F,'8월데이터'!$A:$A,"지급임차료",'8월데이터'!$D:$D,"USD")/1000+SUMIFS('8월데이터'!$F:$F,'8월데이터'!$A:$A,"지급수수료",'8월데이터'!$D:$D,"USD")/1000+SUMIFS('8월데이터'!$F:$F,'8월데이터'!$A:$A,"복리후생비",'8월데이터'!$D:$D,"USD")/1000+SUMIFS('8월데이터'!$F:$F,'8월데이터'!$A:$A,"식당운영비",'8월데이터'!$D:$D,"USD")/1000+SUMIFS('8월데이터'!$F:$F,'8월데이터'!$A:$A,"직원비용",'8월데이터'!$D:$D,"USD")/1000 -> 0 | L32: =J32+K32*$P$4/1000 -> 6.260714 | M32: =L32-I32 -> -3.767964
F33: 복리후생비 | G33: =SUMIFS('7월데이터'!$F:$F,'7월데이터'!$A:$A,"복리후생비",'7월데이터'!$D:$D,"KRW")/1000000 -> 0.156247 | H33: =SUMIFS('7월데이터'!$F:$F,'7월데이터'!$A:$A,"복리후생비",'7월데이터'!$D:$D,"USD")/1000 -> 0 | I33: =G33+H33*$P$3/1000 -> 0.156247 | J33: =SUMIFS('8월데이터'!$F:$F,'8월데이터'!$A:$A,"복리후생비",'8월데이터'!$D:$D,"KRW")/1000000 -> 0.154956 | K33: =SUMIFS('8월데이터'!$F:$F,'8월데이터'!$A:$A,"복리후생비",'8월데이터'!$D:$D,"USD")/1000 -> 0 | L33: =J33+K33*$P$4/1000 -> 0.154956 | M33: =L33-I33 -> -0.001291
F34: 식당, 카페 등 운영비 | G34: =SUMIFS('7월데이터'!$F:$F,'7월데이터'!$A:$A,"식당운영비",'7월데이터'!$D:$D,"KRW")/1000000 -> 0 | H34: =SUMIFS('7월데이터'!$F:$F,'7월데이터'!$A:$A,"식당운영비",'7월데이터'!$D:$D,"USD")/1000 -> 0 | I34: =G34+H34*$P$3/1000 -> 0 | J34: =SUMIFS('8월데이터'!$F:$F,'8월데이터'!$A:$A,"식당운영비",'8월데이터'!$D:$D,"KRW")/1000000 -> 0.2297 | K34: =SUMIFS('8월데이터'!$F:$F,'8월데이터'!$A:$A,"식당운영비",'8월데이터'!$D:$D,"USD")/1000 -> 0 | L34: =J34+K34*$P$4/1000 -> 0.2297 | M34: =L34-I34 -> 0.2297
F35: 직원비용, 복지포인트 | G35: =SUMIFS('7월데이터'!$F:$F,'7월데이터'!$A:$A,"직원비용",'7월데이터'!$D:$D,"KRW")/1000000 -> 8.717161 | H35: =SUMIFS('7월데이터'!$F:$F,'7월데이터'!$A:$A,"직원비용",'7월데이터'!$D:$D,"USD")/1000 -> 0 | I35: =G35+H35*$P$3/1000 -> 8.717161 | J35: =SUMIFS('8월데이터'!$F:$F,'8월데이터'!$A:$A,"직원비용",'8월데이터'!$D:$D,"KRW")/1000000 -> 4.028322 | K35: =SUMIFS('8월데이터'!$F:$F,'8월데이터'!$A:$A,"직원비용",'8월데이터'!$D:$D,"USD")/1000 -> 0 | L35: =J35+K35*$P$4/1000 -> 4.028322 | M35: =L35-I35 -> -4.688839
F36: 임차료, 관리비 | G36: =SUMIFS('7월데이터'!$F:$F,'7월데이터'!$A:$A,"지급임차료",'7월데이터'!$D:$D,"KRW")/1000000 -> 0.919248 | H36: =SUMIFS('7월데이터'!$F:$F,'7월데이터'!$A:$A,"지급임차료",'7월데이터'!$D:$D,"USD")/1000 -> 0 | I36: =G36+H36*$P$3/1000 -> 0.919248 | J36: =SUMIFS('8월데이터'!$F:$F,'8월데이터'!$A:$A,"지급임차료",'8월데이터'!$D:$D,"KRW")/1000000 -> 0.919248 | K36: =SUMIFS('8월데이터'!$F:$F,'8월데이터'!$A:$A,"지급임차료",'8월데이터'!$D:$D,"USD")/1000 -> 0 | L36: =J36+K36*$P$4/1000 -> 0.919248 | M36: =L36-I36 -> 0
F37: 지급수수료 | G37: =SUMIFS('7월데이터'!$F:$F,'7월데이터'!$A:$A,"지급수수료",'7월데이터'!$D:$D,"KRW")/1000000 -> 0 | H37: =SUMIFS('7월데이터'!$F:$F,'7월데이터'!$A:$A,"지급수수료",'7월데이터'!$D:$D,"USD")/1000 -> 0 | I37: =G37+H37*$P$3/1000 -> 0 | J37: =SUMIFS('8월데이터'!$F:$F,'8월데이터'!$A:$A,"지급수수료",'8월데이터'!$D:$D,"KRW")/1000000 -> 0.476281 | K37: =SUMIFS('8월데이터'!$F:$F,'8월데이터'!$A:$A,"지급수수료",'8월데이터'!$D:$D,"USD")/1000 -> 0 | L37: =J37+K37*$P$4/1000 -> 0.476281 | M37: =L37-I37 -> 0.476281
F38: 통신비등 | G38: =G32-SUM(G33:G37) -> 0.236022 | H38: =H32-SUM(H33:H37) -> 0 | I38: =G38+H38*$P$3/1000 -> 0.236022 | J38: =J32-SUM(J33:J37) -> 0.452207 | K38: =K32-SUM(K33:K37) -> 0 | L38: =J38+K38*$P$4/1000 -> 0.452207 | M38: =L38-I38 -> 0.216185
C39: C. 운용자금 입지출(=해지-예치) | G39: =G40-G41 -> 0 | H39: =H40-H41 -> 0 | I39: =I40-I41 -> 0 | J39: =J40-J41 -> 0 | K39: =K40-K41 -> 0 | L39: =L40-L41 -> 0 | M39: =L39-I39 -> 0
D40: 해지(입금) | G40: =SUMIFS('7월데이터'!$E:$E,'7월데이터'!$A:$A,"금융상품",'7월데이터'!$D:$D,"KRW")/1000000 -> 0 | H40: =SUMIFS('7월데이터'!$E:$E,'7월데이터'!$A:$A,"금융상품",'7월데이터'!$D:$D,"USD")/1000 -> 0 | I40: =G40+H40*$P$3/1000 -> 0 | J40: =SUMIFS('8월데이터'!$E:$E,'8월데이터'!$A:$A,"금융상품",'8월데이터'!$D:$D,"KRW")/1000000 -> 0 | K40: =SUMIFS('8월데이터'!$E:$E,'8월데이터'!$A:$A,"금융상품",'8월데이터'!$D:$D,"USD")/1000 -> 0 | L40: =J40+K40*$P$4/1000 -> 0 | M40: =L40-I40 -> 0
D41: 예치(지출) | G41: =SUMIFS('7월데이터'!$F:$F,'7월데이터'!$A:$A,"금융상품",'7월데이터'!$D:$D,"KRW")/1000000 -> 0 | H41: =SUMIFS('7월데이터'!$F:$F,'7월데이터'!$A:$A,"금융상품",'7월데이터'!$D:$D,"USD")/1000 -> 0 | I41: =G41+H41*$P$3/1000 -> 0 | J41: =SUMIFS('8월데이터'!$F:$F,'8월데이터'!$A:$A,"금융상품",'8월데이터'!$D:$D,"KRW")/1000000 -> 0 | K41: =SUMIFS('8월데이터'!$F:$F,'8월데이터'!$A:$A,"금융상품",'8월데이터'!$D:$D,"USD")/1000 -> 0 | L41: =J41+K41*$P$4/1000 -> 0 | M41: =L41-I41 -> 0
C42: D. FX | G42: =G43-G44 -> 0 | H42: =H43-H44 -> 0 | I42: =I43-I44 -> 0 | J42: =J43-J44 -> 0 | K42: =K43-K44 -> 0 | L42: =L43-L44 -> 0 | M42: =L42-I42 -> 0
D43: 입금 | G43: =SUMIFS('7월데이터'!$E:$E,'7월데이터'!$A:$A,"외환매도",'7월데이터'!$D:$D,"KRW")/1000000 -> 0 | H43: =SUMIFS('7월데이터'!$E:$E,'7월데이터'!$A:$A,"외환매입",'7월데이터'!$D:$D,"USD")/1000 -> 0 | I43: =G43+H43*$P$3/1000 -> 0 | J43: =SUMIFS('8월데이터'!$E:$E,'8월데이터'!$A:$A,"외환매도",'8월데이터'!$D:$D,"KRW")/1000000 -> 0 | K43: =SUMIFS('8월데이터'!$E:$E,'8월데이터'!$A:$A,"외환매입",'8월데이터'!$D:$D,"USD")/1000 -> 0 | L43: =J43+K43*$P$4/1000 -> 0 | M43: =L43-I43 -> 0
D44: 출금 | G44: =SUMIFS('7월데이터'!$F:$F,'7월데이터'!$A:$A,"외환매입",'7월데이터'!$D:$D,"KRW")/1000000 -> 0 | H44: =SUMIFS('7월데이터'!$F:$F,'7월데이터'!$A:$A,"외환매도",'7월데이터'!$D:$D,"USD")/1000 -> 0 | I44: =G44+(H44*$P$3/1000) -> 0 | J44: =SUMIFS('8월데이터'!$F:$F,'8월데이터'!$A:$A,"외환매입",'8월데이터'!$D:$D,"KRW")/1000000 -> 0 | K44: =SUMIFS('8월데이터'!$F:$F,'8월데이터'!$A:$A,"외환매도",'8월데이터'!$D:$D,"USD")/1000 -> 0 | L44: =J44+K44*$P$4/1000 -> 0 | M44: =L44-I44 -> 0
C45: E. 조달 | G45: =G46-G47 -> 0 | H45: =H46-H47 -> 0 | I45: =I46-I47 -> 0 | J45: =J46-J47 -> 0 | K45: =K46-K47 -> 0 | L45: =L46-L47 -> 0 | M45: =L45-I45 -> 0
D46: 입금 | G46: =SUMIFS('7월데이터'!$E:$E,'7월데이터'!$A:$A,"차입금",'7월데이터'!$D:$D,"KRW")/1000000+SUMIFS('7월데이터'!$E:$E,'7월데이터'!$A:$A,"투자금",'7월데이터'!$D:$D,"KRW")/1000000 -> 0 | H46: =SUMIFS('7월데이터'!$E:$E,'7월데이터'!$A:$A,"차입금",'7월데이터'!$D:$D,"USD")/1000+SUMIFS('7월데이터'!$E:$E,'7월데이터'!$A:$A,"투자금",'7월데이터'!$D:$D,"USD")/1000 -> 0 | I46: =G46+H46*$P$3/1000 -> 0 | J46: =SUMIFS('8월데이터'!$E:$E,'8월데이터'!$A:$A,"차입금",'8월데이터'!$D:$D,"KRW")/1000000+SUMIFS('8월데이터'!$E:$E,'8월데이터'!$A:$A,"투자금",'8월데이터'!$D:$D,"KRW")/1000000 -> 0 | K46: =SUMIFS('8월데이터'!$E:$E,'8월데이터'!$A:$A,"차입금",'8월데이터'!$D:$D,"USD")/1000+SUMIFS('8월데이터'!$E:$E,'8월데이터'!$A:$A,"투자금",'8월데이터'!$D:$D,"USD")/1000 -> 0 | L46: =J46+K46*$P$4/1000 -> 0 | M46: =L46-I46 -> 0
D47: 출금 | G47: =SUMIFS('7월데이터'!$F:$F,'7월데이터'!$A:$A,"차입금상환",'7월데이터'!$D:$D,"KRW")/1000000 -> 0 | H47: =SUMIFS('7월데이터'!$F:$F,'7월데이터'!$A:$A,"차입금상환",'7월데이터'!$D:$D,"USD")/1000 -> 0 | I47: =G47+H47*$P$3/1000 -> 0 | J47: =SUMIFS('8월데이터'!$F:$F,'8월데이터'!$A:$A,"차입금상환",'8월데이터'!$D:$D,"KRW")/1000000 -> 0 | K47: =SUMIFS('8월데이터'!$F:$F,'8월데이터'!$A:$A,"차입금상환",'8월데이터'!$D:$D,"USD")/1000 -> 0 | L47: =J47+K47*$P$4/1000 -> 0 | M47: =L47-I47 -> 0
C48: F. 유동자금 증감(=B+C+D+E) | G48: =G7+G39+G42+G45 -> -41.138569 | H48: =H7+H39+H42+H45 -> 0 | I48: =I7+I39+I42+I45 -> -41.138569 | J48: =J7+J39+J42+J45 -> -31.03581 | K48: =K7+K39+K42+K45 -> 0 | L48: =L7+L39+L42+L45 -> -31.03581 | M48: =L48-I48 -> 10.102759
C49: G. 기말유동잔고(=A+F) | G49: =G6+G48 -> 321.35731 | H49: =H6+H48 -> 0 | I49: =I6+I48 -> 321.35731 | J49: =J6+J48 -> 290.3215 | K49: =K6+K48 -> 0 | L49: =L6+L48 -> 290.3215 | M49: =L49-I49 -> -31.03581

Sheet 연간
A2: Ⅱ. 연간 자금수지 | O2: 771398
AV3: (단위 : 백만원, 천$) | AW3: 12
C4: 구분 | G4: 1월 | J4: 2월 | M4: 3월 | P4: 4월 | S4: 5월 | V4: 6월 | Y4: 7월 | AB4: 8월 | AE4: 9월 | AH4: 10월 | AK4: 11월 | AN4: 12월 | AQ4: 합계 | AT4: 평균
G5: 원화 | H5: 외화($) | I5: 환산계(a) | J5: 원화 | K5: 외화($) | L5: 환산계(b) | M5: 원화 | N5: 외화($) | O5: 환산계(a) | P5: 원화 | Q5: 외화($) | R5: 환산계(b) | S5: 원화 | T5: 외화($) | U5: 환산계(b) | V5: 원화 | W5: 외화($) | X5: 환산계(b) | Y5: 원화 | Z5: 외화($) | AA5: 환산계(b) | AB5: 원화 | AC5: 외화($) | AD5: 환산계(b) | AE5: 원화 | AF5: 외화($) | AG5: 환산계(b) | AH5: 원화 | AI5: 외화($) | AJ5: 환산계(b) | AK5: 원화 | AL5: 외화($) | AM5: 환산계(b) | AN5: 원화 | AO5: 외화($) | AP5: 환산계(b) | AQ5: 원화 | AR5: 외화($) | AS5: 환산계(b) | AT5: 원화 | AU5: 외화($) | AV5: 환산계(b)
C6: A. 기초잔고 | G6: 3607.0898 | H6: 0 | I6: =G6+H6*$R$52/1000 -> 3607.0898 | J6: =G50 -> 3561.0752 | K6: =H50 -> 0 | L6: =J6+K6*$R$52/1000 -> 3561.0752 | M6: =J50 -> 3497.4781 | N6: 0 | O6: =M6+N6*$R$52/1000 -> 3497.4781 | P6: =M50 -> 2471.3553 | Q6: 0 | R6: =P6+Q6*$R$52/1000 -> 2471.3553 | S6: =P50 -> 2470.299 | T6: =Q50 -> 0 | U6: =S6+T6*U52/1000 -> 2470.299 | V6: =S50 -> 2488.7483 | W6: =Q50 -> 0 | X6: =V6+W6*X52/1000 -> 2488.7483 | Y6: =V50 -> 2462.4869 | Z6: =T50 -> 0 | AA6: =Y6+Z6*AA52/1000 -> 2462.4869 | AB6: =Y50 -> 2421.3483 | AC6: =T50 -> 0 | AD6: =AB6+AC6*AD52/1000 -> 2421.3483 | AE6: =AB50 -> 2390.3125 | AF6: =T50 -> 0 | AG6: =AE6+AF6*AG52/1000 -> 2390.3125 | AH6: =AE50 -> 2390.3125 | AI6: =T50 -> 0 | AJ6: =AH6+AI6*AJ52/1000 -> 2390.3125 | AK6: =AH50 -> 2390.3125 | AL6: =T50 -> 0 | AM6: =AK6+AL6*AM52/1000 -> 2390.3125 | AN6: =AK50 -> 2390.3125 | AO6: =W50 -> 0 | AP6: =AN6+AO6*AP52/1000 -> 2390.3125 | AQ6: =G6 -> 3607.0898 | AR6: =Z50 -> 0 | AS6: =AQ6+AR6*AS52/1000 -> 3607.0898 | AU6: =AC50 -> 0 | AV6: =AT6+AU6*AV52/1000 -> 0
C7: B. 수지차(=수입-지출) | G7: =G8-G13 -> -46.01464 | H7: =H8-H13 -> 0 | I7: =I8-I13 -> -46.01464 | J7: =J8-J13 -> -63.59707 | K7: =K8-K13 -> 0 | L7: =L8-L13 -> -63.59707 | M7: =M8-M13 -> -1026.1228 | N7: =N8-N13 -> 0 | ... AV7: =AV8-AV13 -> -83.927954
D8: 수입 | G8: =SUM(G9:G12) -> 16.726369 | H8: =SUM(H9:H12) -> 0 | I8: =SUM(I9:I12) -> 16.726369 | J8: =SUM(J9:J12) -> 1.412739 | K8: =SUM(K9:K12) -> 0 | L8: =SUM(L9:L12) -> 1.412739 | M8: =SUM(M9:M12) -> 0.632712 | N8: =SUM(N9:N12) -> 0 | ... AV8: =SUM(AV9:AV12) -> 0
E9: 매출 | G9: 0 | H9: 0 | I9: =G9+H9*$R$52/1000 -> 0 | J9: 0 | K9: 0 | L9: =J9+K9*$R$52/1000 -> 0 | M9: 0.09209 | N9: 0 | O9: =M9+N9*$R$52/1000 -> 0.09209 | P9: 0 | Q9: 0 | R9: =P9+Q9*$R$52/1000 -> 0 | S9: 0 | T9: 0 | U9: =S9+T9*U52/1000 -> 0 | V9: 0.05181 | W9: 0 | X9: =V9+W9*X52/1000 -> 0.05181 | Y9: 0.056328 | Z9: 0 | AA9: =Y9+Z9*AA52/1000 -> 0.056328 | AB9: 0.056328 | AC9: 0 | AD9: =AB9+AC9*AD52/1000 -> 0.056328 | AG9: =AE9+AF9*AG52/1000 -> 0 | AJ9: =AH9+AI9*AJ52/1000 -> 0 | AM9: =AK9+AL9*AM52/1000 -> 0 | AP9: =AN9+AO9*AP52/1000 -> 0 | AS9: =AQ9+AR9*AS52/1000 -> 0 | AT9: =AQ9/$AW$3 -> 0 | AU9: =SUM(K9,N9,Q9,T9,W9,Z9,AC9,AF9,AI9,AL9,AO9,AR9) -> 0 | AV9: =AT9+AU9*AV52/1000 -> 0
E10: 세금 환급 | G10: 0 | H10: 0 | I10: =G10+H10*$R$52/1000 -> 0 | J10: 1.27178 | K10: 0 | L10: =J10+K10*$R$52/1000 -> 1.27178 | M10: 0 | N10: 0 | O10: =M10+N10*$R$52/1000 -> 0 | P10: 14.97952 | Q10: 0 | R10: =P10+Q10*$R$52/1000 -> 14.97952 | S10: 1.49789 | T10: 0 | U10: =S10+T10*U52/1000 -> 1.49789 | V10: 0 | W10: 0 | X10: =V10+W10*X52/1000 -> 0 | Y10: 0 | Z10: 0 | AA10: =Y10+Z10*AA52/1000 -> 0 | AB10: 0 | AC10: 0 | AD10: =AB10+AC10*AD52/1000 -> 0 | AG10: =AE10+AF10*AG54/1000 -> 0 | AJ10: =AH10+AI10*AJ52/1000 -> 0 | AM10: =AK10+AL10*AM52/1000 -> 0 | AP10: =AN10+AO10*AP52/1000 -> 0 | AS10: =AQ10+AR10*AS52/1000 -> 0 | AT10: =AQ10/$AW$3 -> 0 | AU10: =SUM(K10,N10,Q10,T10,W10,Z10,AC10,AF10,AI10,AL10,AO10,AR10) -> 0 | AV10: =AT10+AU10*AV52/1000 -> 0
E11: 이자수익 | G11: 14.92319 | H11: 0 | I11: =G11+H11*$R$52/1000 -> 14.92319 | J11: 0 | K11: 0 | L11: =J11+K11*$R$52/1000 -> 0 | M11: 0.540622 | N11: 0 | O11: =M11+N11*$R$52/1000 -> 0.540622 | P11: 0 | Q11: 0 | R11: =P11+Q11*$R$52/1000 -> 0 | S11: 0 | T11: 0 | U11: =S11+T11*$U52/1000 -> 0 | V11: 6.483723 | W11: 0 | X11: =V11+W11*$U52/1000 -> 6.483723 | Y11: 0 | Z11: 0 | AA11: =Y11+Z11*$U52/1000 -> 0 | AB11: 0 | AC11: 0 | AD11: =AB11+AC11*$U52/1000 -> 0 | AG11: =AE11+AF11*$U52/1000 -> 0 | AJ11: =AH11+AI11*$U52/1000 -> 0 | AM11: =AK11+AL11*$U52/1000 -> 0 | AP11: =AN11+AO11*$U52/1000 -> 0 | AS11: =AQ11+AR11*$U52/1000 -> 0 | AT11: =AQ11/$AW$3 -> 0 | AU11: =SUM(K11,N11,Q11,T11,W11,Z11,AC11,AF11,AI11,AL11,AO11,AR11) -> 0 | AV11: =AT11+AU11*$U52/1000 -> 0
E12: 기타 | G12: 1.803179 | H12: 0 | I12: =G12+H12*$R$52/1000 -> 1.803179 | J12: 0.140959 | K12: 0 | L12: =J12+K12*$R$52/1000 -> 0.140959 | M12: 0 | N12: 0 | O12: =M12+N12*$R$52/1000 -> 0 | P12: =15.37848+0.130058 -> 15.508538 | Q12: 0 | R12: =P12+Q12*$R$52/1000 -> 15.508538 | S12: 51.185792 | T12: 0 | U12: =S12+T12*U52/1000 -> 51.185792 | V12: 0 | W12: 0 | X12: =V12+W12*X52/1000 -> 0 | Y12: 0.07802 | Z12: 0 | AA12: =Y12+Z12*AA52/1000 -> 0.07802 | AB12: 0 | AC12: 0 | AD12: =AB12+AC12*AD52/1000 -> 0 | AG12: =AE12+AF12*AG52/1000 -> 0 | AJ12: =AH12+AI12*AJ52/1000 -> 0 | AM12: =AK12+AL12*AM52/1000 -> 0 | AP12: =AN12+AO12*AP52/1000 -> 0 | AS12: =AQ12+AR12*AS52/1000 -> 0 | AT12: =AQ12/$AW$3 -> 0 | AU12: =SUM(K12,N12,Q12,T12,W12,Z12,AC12,AF12,AI12,AL12,AO12,AR12) -> 0 | AV12: =AT12+AU12*AV52/1000 -> 0
D13: 지출 | G13: =SUM(G14,G19,G20,G25:G28) -> 62.741009 | H13: =SUM(H14,H19,H20,H25:H28) -> 0 | I13: =SUM(I14,I19,I20,I25:I28) -> 62.741009 | J13: =SUM(J14,J19,J20,J25:J28) -> 65.009809 | K13: =SUM(K14,K19,K20,K25:K28) -> 0 | L13: =SUM(L14,L19,L20,L25:L28) -> 65.009809 | M13: =SUM(M14,M19,M20,M25:M28) -> 1026.7555 | N13: =SUM(N14,N19,N20,N25:N28) -> 0 | ... AV13: =SUM(AV14,AV19,AV20,AV25:AV28) -> 83.927954
E14: 인건비 | G14: =SUM(G15:G18) -> 43.63493 | H14: =SUM(H15:H18) -> 0 | I14: =SUM(I15:I18) -> 43.63493 | J14: =SUM(J15:J18) -> 38.99243 | K14: =SUM(K15:K18) -> 0 | L14: =SUM(L15:L18) -> 38.99243 | M14: =SUM(M15:M18) -> 20.246437 | N14: =SUM(N15:N18) -> 0 | ... AV14: =SUM(AV15:AV18) -> 0
F15: 급여 | G15: 39.30703 | H15: 0 | I15: =G15+H15*$R$52/1000 -> 39.30703 | J15: 31.66514 | K15: 0 | L15: =J15+K15*$R$52/1000 -> 31.66514 | M15: 14.831917 | N15: 0 | O15: =M15+N15*$R$52/1000 -> 14.831917 | P15: 15.263567 | Q15: 0 | R15: =P15+Q15*$R$52/1000 -> 15.263567 | S15: 14.856137 | T15: 0 | U15: =S15+T15*U52/1000 -> 14.856137 | V15: 14.855137 | W15: 0 | X15: =V15+W15*X52/1000 -> 14.855137 | Y15: 14.816477 | Z15: 0 | AA15: =Y15+Z15*AA52/1000 -> 14.816477 | AB15: 15 | AC15: 0 | AD15: =AB15+AC15*AD52/1000 -> 15 | AG15: =AE15+AF15*AG52/1000 -> 0 | AJ15: =AH15+AI15*AJ52/1000 -> 0 | AM15: =AK15+AL15*AM52/1000 -> 0 | AP15: =AN15+AO15*AP52/1000 -> 0 | AS15: =AQ15+AR15*AS52/1000 -> 0 | AT15: =AQ15/$AW$3 -> 0 | AU15: =SUM(K15,N15,Q15,T15,W15,Z15,AC15,AF15,AI15,AL15,AO15,AR15) -> 0 | AV15: =AT15+AU15*AV52/1000 -> 0
F16: 상여 | G16: 0 | H16: 0 | I16: =G16+H16*$R$52/1000 -> 0 | J16: 0 | K16: 0 | L16: =J16+K16*$R$52/1000 -> 0 | M16: 0 | N16: 0 | O16: =M16+N16*$R$52/1000 -> 0 | P16: 0 | Q16: 0 | R16: =P16+Q16*$R$52/1000 -> 0 | S16: 0 | T16: 0 | U16: =S16+T16*U52/1000 -> 0 | V16: 0 | W16: 0 | X16: =V16+W16*X52/1000 -> 0 | Y16: 0 | Z16: 0 | AA16: =Y16+Z16*AA52/1000 -> 0 | AB16: 0 | AC16: 0 | AD16: =AB16+AC16*AD52/1000 -> 0 | AG16: =AE16+AF16*AG52/1000 -> 0 | AJ16: =AH16+AI16*AJ52/1000 -> 0 | AM16: =AK16+AL16*AM52/1000 -> 0 | AP16: =AN16+AO16*AP52/1000 -> 0 | AS16: =AQ16+AR16*AS52/1000 -> 0 | AT16: =AQ16/$AW$3 -> 0 | AU16: =SUM(K16,N16,Q16,T16,W16,Z16,AC16,AF16,AI16,AL16,AO16,AR16) -> 0 | AV16: =AT16+AU16*AV52/1000 -> 0
F17: 퇴직연금 | G17: 0 | H17: 0 | I17: =G17+H17*$R$52/1000 -> 0 | J17: 2.86999 | K17: 0 | L17: =J17+K17*$R$52/1000 -> 2.86999 | M17: 1.91806 | N17: 0 | O17: =M17+N17*$R$52/1000 -> 1.91806 | P17: 1.92848 | Q17: 0 | R17: =P17+Q17*$R$52/1000 -> 1.92848 | S17: 1.92848 | T17: 0 | U17: =S17+T17*U52/1000 -> 1.92848 | V17: 1.92848 | W17: 0 | X17: =V17+W17*X52/1000 -> 1.92848 | Y17: 1.92848 | Z17: 0 | AA17: =Y17+Z17*AA52/1000 -> 1.92848 | AB17: 1.92848 | AC17: 0 | AD17: =AB17+AC17*AD52/1000 -> 1.92848 | AG17: =AE17+AF17*AG52/1000 -> 0 | AJ17: =AH17+AI17*AJ52/1000 -> 0 | AM17: =AK17+AL17*AM52/1000 -> 0 | AP17: =AN17+AO17*AP52/1000 -> 0 | AS17: =AQ17+AR17*AS52/1000 -> 0 | AT17: =AQ17/$AW$3 -> 0 | AU17: =SUM(K17,N17,Q17,T17,W17,Z17,AC17,AF17,AI17,AL17,AO17,AR17) -> 0 | AV17: =AT17+AU17*AV52/1000 -> 0
F18: 4대보험료 | G18: 4.3279 | H18: 0 | I18: =G18+H18*$R$52/1000 -> 4.3279 | J18: 4.4573 | K18: 0 | L18: =J18+K18*$R$52/1000 -> 4.4573 | M18: 3.49646 | N18: 0 | O18: =M18+N18*$R$52/1000 -> 3.49646 | P18: 2.94166 | Q18: 0 | R18: =P18+Q18*$R$52/1000 -> 2.94166 | S18: 2.20456 | T18: 0 | U18: =S18+T18*U52/1000 -> 2.20456 | V18: 3.02442 | W18: 0 | X18: =V18+W18*X52/1000 -> 3.02442 | Y18: 2.92467 | Z18: 0 | AA18: =Y18+Z18*AA52/1000 -> 2.92467 | AB18: 3.00399 | AC18: 0 | AD18: =AB18+AC18*AD52/1000 -> 3.00399 | AG18: =AE18+AF18*AG52/1000 -> 0 | AJ18: =AH18+AI18*AJ52/1000 -> 0 | AM18: =AK18+AL18*AM52/1000 -> 0 | AP18: =AN18+AO18*AP52/1000 -> 0 | AS18: =AQ18+AR18*AS52/1000 -> 0 | AT18: =AQ18/$AW$3 -> 0 | AU18: =SUM(K18,N18,Q18,T18,W18,Z18,AC18,AF18,AI18,AL18,AO18,AR18) -> 0 | AV18: =AT18+AU18*AV52/1000 -> 0
E19: 마케팅비 | G19: 0 | H19: 0 | I19: =G19+H19*$R$52/1000 -> 0 | J19: 0 | K19: 0 | L19: =J19+K19*$R$52/1000 -> 0 | M19: 0 | N19: 0 | O19: =M19+N19*$R$52/1000 -> 0 | P19: 0 | Q19: 0 | R19: =P19+Q19*$R$52/1000 -> 0 | S19: 0 | T19: 0 | U19: =S19+T19*U52/1000 -> 0 | V19: 0 | W19: 0 | X19: =V19+W19*X52/1000 -> 0 | Y19: 0 | Z19: 0 | AA19: =Y19+Z19*AA52/1000 -> 0 | AB19: 0 | AC19: 0 | AD19: =AB19+AC19*AD52/1000 -> 0 | AE19: 0 | AF19: 0 | AG19: =AE19+AF19*AG52/1000 -> 0 | AH19: 0 | AI19: 0 | AJ19: =AH19+AI19*AJ52/1000 -> 0 | AK19: 0 | AL19: 0 | AM19: =AK19+AL19*AM52/1000 -> 0 | AN19: 0 | AO19: 0 | AP19: =AN19+AO19*AP52/1000 -> 0 | AQ19: =SUM(G19,J19,M19,P19,S19,V19,Y19,AB19,AE19,AH19,AK19,AN19) -> 0 | AR19: =SUM(H19,K19,N19,Q19,T19,W19,Z19,AC19,AF19,AI19,AL19,AO19) -> 0 | AS19: =AQ19+AR19*AS52/1000 -> 0 | AT19: =AQ19/$AW$3 -> 0 | AU19: =SUM(K19,N19,Q19,T19,W19,Z19,AC19,AF19,AI19,AL19,AO19,AR19) -> 0 | AV19: =AT19+AU19*AV52/1000 -> 0
E20: 제세공과금 | G20: =SUM(G21:G24) -> 4.93922 | H20: =SUM(H21:H24) -> 0 | I20: =SUM(I21:I24) -> 4.93922 | J20: =SUM(J21:J24) -> 5.2613 | K20: =SUM(K21:K24) -> 0 | L20: =SUM(L21:L24) -> 5.2613 | M20: =SUM(M21:M24) -> 0 | N20: =SUM(N21:N24) -> 0 | ... AN20: =SUM(AN21:AN24) -> 0 | AP20: =SUM(AP21:AP24) -> 0 | AQ20: =SUM(AQ21:AQ24) -> 0 | AS20: =SUM(AS21:AS24) -> 0 | AT20: =SUM(AT21:AT24) -> 0 | AV20: =SUM(AV21:AV24) -> 0
F21: 법인세 | G21: 0 | H21: 0 | I21: =G21+H21*$R$52/1000 -> 0 | J21: 0 | K21: 0 | L21: =J21+K21*$R$52/1000 -> 0 | M21: 0 | N21: 0 | O21: =M21+N21*$R$52/1000 -> 0 | P21: 0 | R21: =P21+Q21*$R$52/1000 -> 0 | S21: 0 | T21: 0 | U21: =S21+T21*U52/1000 -> 0 | V21: 0 | W21: 0 | X21: =V21+W21*X52/1000 -> 0 | Y21: 0 | Z21: 0 | AA21: =Y21+Z21*AA52/1000 -> 0 | AB21: 0 | AC21: 0 | AD21: =AB21+AC21*AD52/1000 -> 0 | AG21: =AE21+AF21*AG52/1000 -> 0 | AJ21: =AH21+AI21*AJ52/1000 -> 0 | AM21: =AK21+AL21*AM52/1000 -> 0 | AP21: =AN21+AO21*AP52/1000 -> 0 | AS21: =AQ21+AR21*AS52/1000 -> 0 | AT21: =AQ21/$AW$3 -> 0 | AU21: =SUM(K21,N21,Q21,T21,W21,Z21,AC21,AF21,AI21,AL21,AO21,AR21) -> 0 | AV21: =AT21+AU21*AV52/1000 -> 0
F22: 부가가치세 | G22: 0 | H22: 0 | I22: =G22+H22*$R$52/1000 -> 0 | J22: 0 | K22: 0 | L22: =J22+K22*$R$52/1000 -> 0 | M22: 0 | N22: 0 | O22: =M22+N22*$R$52/1000 -> 0 | P22: 0 | R22: =P22+Q22*$R$52/1000 -> 0 | S22: 0 | T22: 0 | U22: =S22+T22*$U52/1000 -> 0 | V22: 0 | W22: 0 | X22: =V22+W22*$U52/1000 -> 0 | Y22: 3.65935 | Z22: 0 | AA22: =Y22+Z22*$U52/1000 -> 3.65935 | AB22: 0 | AC22: 0 | AD22: =AB22+AC22*$U52/1000 -> 0 | AG22: =AE22+AF22*$U52/1000 -> 0 | AJ22: =AH22+AI22*$U52/1000 -> 0 | AM22: =AK22+AL22*$U52/1000 -> 0 | AP22: =AN22+AO22*$U52/1000 -> 0 | AS22: =AQ22+AR22*$U52/1000 -> 0 | AT22: =AQ22/$AW$3 -> 0 | AU22: =SUM(K22,N22,Q22,T22,W22,Z22,AC22,AF22,AI22,AL22,AO22,AR22) -> 0 | AV22: =AT22+AU22*$U52/1000 -> 0
F23: 원천세 | G23: 4.93922 | H23: 0 | I23: =G23+H23*$R$52/1000 -> 4.93922 | J23: 5.2613 | K23: 0 | L23: =J23+K23*$R$52/1000 -> 5.2613 | M23: 0 | N23: 0 | O23: =M23+N23*$R$52/1000 -> 0 | P23: 0 | R23: =P23+Q23*$R$52/1000 -> 0 | T23: 0 | U23: =S23+T23*U52/1000 -> 0 | V23: 1.75016 | W23: 0 | X23: =V23+W23*X52/1000 -> 1.75016 | Y23: 3.92024 | Z23: 0 | AA23: =Y23+Z23*AA52/1000 -> 3.92024 | AB23: 3.92024 | AC23: 0 | AD23: =AB23+AC23*AD52/1000 -> 3.92024 | AG23: =AE23+AF23*AG52/1000 -> 0 | AJ23: =AH23+AI23*AJ52/1000 -> 0 | AM23: =AK23+AL23*AM52/1000 -> 0 | AP23: =AN23+AO23*AP52/1000 -> 0 | AS23: =AQ23+AR23*AS52/1000 -> 0 | AT23: =AQ23/$AW$3 -> 0 | AU23: =SUM(K23,N23,Q23,T23,W23,Z23,AC23,AF23,AI23,AL23,AO23,AR23) -> 0 | AV23: =AT23+AU23*AV52/1000 -> 0
F24: 기타제세공과금 | G24: 0 | H24: 0 | I24: =G24+H24*$R$52/1000 -> 0 | J24: 0 | K24: 0 | L24: =J24+K24*$R$52/1000 -> 0 | M24: 0 | N24: 0 | O24: =M24+N24*$R$52/1000 -> 0 | P24: 0 | R24: =P24+Q24*$R$52/1000 -> 0 | S24: 0 | T24: 0 | U24: =S24+T24*U52/1000 -> 0 | V24: 0 | W24: 0 | X24: =V24+W24*X52/1000 -> 0 | Y24: 0 | Z24: 0 | AA24: =Y24+Z24*AA52/1000 -> 0 | AB24: 0.25 | AC24: 0 | AD24: =AB24+AC24*AD52/1000 -> 0.25 | AG24: =AE24+AF24*AG52/1000 -> 0 | AJ24: =AH24+AI24*AJ52/1000 -> 0 | AM24: =AK24+AL24*AM52/1000 -> 0 | AP24: =AN24+AO24*AP52/1000 -> 0 | AS24: =AQ24+AR24*AS52/1000 -> 0 | AT24: =AQ24/$AW$3 -> 0 | AU24: =SUM(K24,N24,Q24,T24,W24,Z24,AC24,AF24,AI24,AL24,AO24,AR24) -> 0 | AV24: =AT24+AU24*AV52/1000 -> 0
E25: 지급이자 | G25: 0 | H25: 0 | I25: =G25+H25*$R$52/1000 -> 0 | J25: 0 | K25: 0 | L25: =J25+K25*$R$52/1000 -> 0 | M25: 0 | N25: 0 | O25: =M25+N25*$R$52/1000 -> 0 | P25: 0 | Q25: 0 | R25: =P25+Q25*$R$52/1000 -> 0 | S25: 0 | T25: 0 | U25: =S25+T25*U52/1000 -> 0 | V25: 0 | W25: 0 | X25: =V25+W25*X52/1000 -> 0 | Y25: 0 | Z25: 0 | AA25: =Y25+Z25*AA52/1000 -> 0 | AB25: 0 | AC25: 0 | AD25: =AB25+AC25*AD52/1000 -> 0 | AE25: 0 | AF25: 0 | AG25: =AE25+AF25*AG52/1000 -> 0 | AH25: 0 | AI25: 0 | AJ25: =AH25+AI25*AJ52/1000 -> 0 | AK25: 0 | AL25: 0 | AM25: =AK25+AL25*AM52/1000 -> 0 | AN25: 0 | AO25: 0 | AP25: =AN25+AO25*AP52/1000 -> 0 | AQ25: =SUM(G25,J25,M25,P25,S25,V25,Y25,AB25,AE25,AH25,AK25,AN25) -> 0 | AR25: =SUM(H25,K25,N25,Q25,T25,W25,Z25,AC25,AF25,AI25,AL25,AO25) -> 0 | AS25: =AQ25+AR25*AS52/1000 -> 0 | AT25: =AQ25/$AW$3 -> 0 | AU25: =SUM(K25,N25,Q25,T25,W25,Z25,AC25,AF25,AI25,AL25,AO25,AR25) -> 0 | AV25: =AT25+AU25*AV52/1000 -> 0
E26: 자산매입 | G26: 0 | H26: 0 | I26: =G26+H26*$R$52/1000 -> 0 | J26: 0 | K26: 0 | L26: =J26+K26*$R$52/1000 -> 0 | M26: 0 | N26: 0 | O26: =M26+N26*$R$52/1000 -> 0 | P26: 0 | Q26: 0 | R26: =P26+Q26*$R$52/1000 -> 0 | S26: 0 | T26: 0 | U26: =S26+T26*U52/1000 -> 0 | W26: 0 | X26: =V26+W26*X52/1000 -> 0 | Y26: 0 | Z26: 0 | AA26: =Y26+Z26*AA52/1000 -> 0 | AB26: 0 | AC26: 0 | AD26: =AB26+AC26*AD52/1000 -> 0 | AE26: 0 | AF26: 0 | AG26: =AE26+AF26*AG52/1000 -> 0 | AH26: 0 | AI26: 0 | AJ26: =AH26+AI26*AJ52/1000 -> 0 | AK26: 0 | AL26: 0 | AM26: =AK26+AL26*AM52/1000 -> 0 | AN26: 0 | AO26: 0 | AP26: =AN26+AO26*AP52/1000 -> 0 | AQ26: =SUM(G26,J26,M26,P26,S26,V26,Y26,AB26,AE26,AH26,AK26,AN26) -> 0 | AR26: =SUM(H26,K26,N26,Q26,T26,W26,Z26,AC26,AF26,AI26,AL26,AO26) -> 0 | AS26: =AQ26+AR26*AS52/1000 -> 0 | AT26: =AQ26/$AW$3 -> 0 | AU26: =SUM(K26,N26,Q26,T26,W26,Z26,AC26,AF26,AI26,AL26,AO26,AR26) -> 0 | AV26: =AT26+AU26*AV52/1000 -> 0
E27: 투자금 | G27: 0 | H27: 0 | I27: =G27+H27*$R$52/1000 -> 0 | J27: 7.13645 | K27: 0 | L27: =J27+K27*$R$52/1000 -> 7.13645 | M27: 999.999 | N27: 0 | O27: =M27+N27*$R$52/1000 -> 999.999 | P27: 0 | Q27: 0 | R27: =P27+Q27*$R$52/1000 -> 0 | S27: 0 | T27: 0 | U27: =S27+T27*U53/1000 -> 0 | W27: 0 | X27: =V27+W27*X53/1000 -> 0 | Y27: 0 | Z27: 0 | AA27: =Y27+Z27*AA53/1000 -> 0 | AB27: 0 | AC27: 0 | AD27: =AB27+AC27*AD53/1000 -> 0 | AE27: 0 | AF27: 0 | AG27: =AE27+AF27*AG53/1000 -> 0 | AH27: 0 | AI27: 0 | AJ27: =AH27+AI27*AJ53/1000 -> 0 | AK27: 0 | AL27: 0 | AM27: =AK27+AL27*AM53/1000 -> 0 | AN27: 0 | AO27: 0 | AP27: =AN27+AO27*AP53/1000 -> 0 | AQ27: =SUM(G27,J27,M27,P27,S27,V27,Y27,AB27,AE27,AH27,AK27,AN27) -> 1007.1354 | AR27: =SUM(H27,K27,N27,Q27,T27,W27,Z27,AC27,AF27,AI27,AL27,AO27) -> 0 | AS27: =AQ27+AR27*AS53/1000 -> 1007.1354 | AT27: =AQ27/$AW$3 -> 83.927954 | AU27: =SUM(K27,N27,Q27,T27,W27,Z27,AC27,AF27,AI27,AL27,AO27,AR27) -> 0 | AV27: =AT27+AU27*AV53/1000 -> 83.927954
E28: 기타 | G28: =SUM(G29:G32) -> 14.166859 | H28: =SUM(H29:H32) -> 0 | I28: =SUM(I29:I32) -> 14.166859 | J28: =SUM(J29:J32) -> 13.619629 | K28: =SUM(K29:K32) -> 0 | L28: =SUM(L29:L32) -> 13.619629 | M28: =SUM(M29:M32) -> 6.510076 | N28: 0 | O28: =SUM(O29:O32) -> 6.510076 | P28: =SUM(P29:P32) -> 11.410589 | Q28: =SUM(Q29:Q32) -> 0 | R28: =SUM(R29:R32) -> 11.410589 | S28: =SUM(S29:S32) -> 15.245221 | T28: =SUM(T29:T32) -> 0 | U28: =SUM(U29:U32) -> 15.245221 | V28: =SUM(V29:V32) -> 11.238781 | ... Y28: =SUM(Y29:Y32) -> 14.0237 | Z28: 0 | AA28: =SUM(AA29:AA32) -> 14.0237 | AB28: =SUM(AB29:AB32) -> 6.989428 | AC28: =SUM(AC29:AC32) -> 0 | AD28: =SUM(AD29:AD32) -> 6.989428 | AE28: =SUM(AE29:AE32) -> 0 | AF28: =SUM(AF29:AF32) -> 0 | AG28: =SUM(AG29:AG32) -> 0 | AH28: =SUM(AH29:AH32) -> 0 | ... AV28: =SUM(AV29:AV32) -> 0
F29: 전산관련지출 | G29: 0.78595 | H29: 0 | I29: =G29+H29*$R$52/1000 -> 0.78595 | J29: 2.840809 | K29: 0 | L29: =J29+K29*$R$52/1000 -> 2.840809 | M29: 0.910306 | N29: 0 | O29: =M29+N29*$R$52/1000 -> 0.910306 | P29: 0.708204 | Q29: 0 | R29: =P29+Q29*$R$52/1000 -> 0.708204 | S29: 0.826483 | T29: 0 | U29: =S29+T29*U52/1000 -> 0.826483 | V29: 1.41149 | W29: 0 | X29: =V29+W29*X52/1000 -> 1.41149 | Y29: 0.685391 | Z29: 0 | AA29: =Y29+Z29*AA52/1000 -> 0.685391 | AB29: 0.685025 | AC29: 0 | AD29: =AB29+AC29*AD56/1000 -> 0.685025 | AG29: =AE29+AF29*AG52/1000 -> 0 | AJ29: =AH29+AI29*AJ52/1000 -> 0 | AM29: =AK29+AL29*AM52/1000 -> 0 | AP29: =AN29+AO29*AP52/1000 -> 0 | AS29: =AQ29+AR29*AS52/1000 -> 0 | AT29: =AQ29/$AW$3 -> 0 | AU29: =SUM(K29,N29,Q29,T29,W29,Z29,AC29,AF29,AI29,AL29,AO29,AR29) -> 0 | AV29: =AT29+AU29*AV52/1000 -> 0
F30: 개발 외주용역비 | G30: 0 | H30: 0 | I30: =G30+H30*$R$52/1000 -> 0 | J30: 0 | K30: 0 | L30: =J30+K30*$R$52/1000 -> 0 | M30: 0 | N30: 0 | O30: =M30+N30*$R$52/1000 -> 0 | P30: 0 | Q30: 0 | R30: =P30+Q30*$R$52/1000 -> 0 | S30: 0 | T30: 0 | U30: =S30+T30*U52/1000 -> 0 | V30: 0 | W30: 0 | X30: =V30+W30*X52/1000 -> 0 | Y30: 0 | Z30: 0 | AA30: =Y30+Z30*AA52/1000 -> 0 | AB30: 0 | AC30: 0 | AD30: =AB30+AC30*AD57/1000 -> 0 | AG30: =AE30+AF30*AG52/1000 -> 0 | AJ30: =AH30+AI30*AJ52/1000 -> 0 | AM30: =AK30+AL30*AM52/1000 -> 0 | AP30: =AN30+AO30*AP52/1000 -> 0 | AS30: =AQ30+AR30*AS52/1000 -> 0 | AT30: =AQ30/$AW$3 -> 0 | AU30: =SUM(K30,N30,Q30,T30,W30,Z30,AC30,AF30,AI30,AL30,AO30,AR30) -> 0 | AV30: =AT30+AU30*AV52/1000 -> 0
F31: 경영, 업무지원, 운영용역비 | G31: 3.557324 | H31: 0 | I31: =G31+H31*$R$52/1000 -> 3.557324 | J31: 0.061712 | K31: 0 | L31: =J31+K31*$R$52/1000 -> 0.061712 | M31: 0.04229 | N31: 0 | O31: =M31+N31*$R$52/1000 -> 0.04229 | P31: 3.349059 | Q31: 0 | R31: =P31+Q31*$R$52/1000 -> 3.349059 | S31: 0.044597 | T31: 0 | U31: =S31+T31*U52/1000 -> 0.044597 | V31: 0.044976 | W31: 0 | X31: =V31+W31*X52/1000 -> 0.044976 | Y31: 3.309631 | Z31: 0 | AA31: =Y31+Z31*AA52/1000 -> 3.309631 | AB31: 0.043689 | AC31: 0 | AD31: =AB31+AC31*AD58/1000 -> 0.043689 | AG31: =AE31+AF31*AG52/1000 -> 0 | AJ31: =AH31+AI31*AJ52/1000 -> 0 | AM31: =AK31+AL31*AM52/1000 -> 0 | AP31: =AN31+AO31*AP52/1000 -> 0 | AS31: =AQ31+AR31*AS52/1000 -> 0 | AT31: =AQ31/$AW$3 -> 0 | AU31: =SUM(K31,N31,Q31,T31,W31,Z31,AC31,AF31,AI31,AL31,AO31,AR31) -> 0 | AV31: =AT31+AU31*AV52/1000 -> 0
F32: 기타 | G32: =SUM(G33:G38) -> 9.823585 | H32: =SUM(H33:H38) -> 0 | I32: =SUM(I33:I38) -> 9.823585 | J32: =SUM(J33:J38) -> 10.717108 | K32: =SUM(K33:K38) -> 0 | L32: =SUM(L33:L38) -> 10.717108 | M32: =SUM(M33:M38) -> 5.55748 | N32: =SUM(N33:N38) -> 0 | ... AD32: =SUM(AD33:AD38) -> 6.260714 | AG32: =AE32+AF32*AG52/1000 -> 0 | AJ32: =AH32+AI32*AJ52/1000 -> 0 | AM32: =AK32+AL32*AM52/1000 -> 0 | AP32: =AN32+AO32*AP52/1000 -> 0 | AS32: =AQ32+AR32*AS52/1000 -> 0 | AT32: =AQ32/$AW$3 -> 0 | AU32: =SUM(K32,N32,Q32,T32,W32,Z32,AC32,AF32,AI32,AL32,AO32,AR32) -> 0 | AV32: =AT32+AU32*AV52/1000 -> 0
F33: 복리후생비 | G33: 1.678515 | H33: 0 | I33: =G33+H33*I$52/1000 -> 1.678515 | J33: 0.660082 | K33: 0 | L33: =J33+K33*L$52/1000 -> 0.660082 | M33: 1.26286 | N33: 0 | O33: =M33+N33*O$52/1000 -> 1.26286 | P33: 0 | Q33: 0 | R33: =P33+Q33*R$52/1000 -> 0 | S33: 1.681931 | T33: 0 | U33: =S33+T33*U$52/1000 -> 1.681931 | V33: 1.778205 | W33: 0 | X33: =V33+W33*X$52/1000 -> 1.778205 | Y33: 0.156247 | Z33: 0 | AA33: =Y33+Z33*AA$52/1000 -> 0.156247 | AB33: 0.154956 | AC33: 0 | AD33: =AB33+AC33*AD$52/1000 -> 0.154956 | AU33: =SUM(K33,N33,Q33,T33,W33,Z33,AC33,AF33,AI33,AL33,AO33,AR33) -> 0
F34: 식당, 카페 등 운영비 | G34: 0.311 | H34: 0 | I34: =G34+H34*I$52/1000 -> 0.311 | J34: 0.165 | K34: 0 | L34: =J34+K34*L$52/1000 -> 0.165 | M34: 0.1392 | N34: 0 | O34: =M34+N34*O$52/1000 -> 0.1392 | P34: 0.165 | Q34: 0 | R34: =P34+Q34*R$52/1000 -> 0.165 | S34: 0.145 | T34: 0 | U34: =S34+T34*U$52/1000 -> 0.145 | V34: 0.084 | W34: 0 | X34: =V34+W34*X$52/1000 -> 0.084 | Y34: 0 | Z34: 0 | AA34: =Y34+Z34*AA$52/1000 -> 0 | AB34: 0.2297 | AC34: 0 | AD34: =AB34+AC34*AD$52/1000 -> 0.2297 | AU34: =SUM(K34,N34,Q34,T34,W34,Z34,AC34,AF34,AI34,AL34,AO34,AR34) -> 0
F35: 직원비용, 복지포인트 | G35: 5.325892 | H35: 0 | I35: =G35+H35*I$52/1000 -> 5.325892 | J35: 5.21776 | K35: 0 | L35: =J35+K35*L$52/1000 -> 5.21776 | M35: 2.364157 | N35: 0 | O35: =M35+N35*O$52/1000 -> 2.364157 | P35: 5.869168 | Q35: 0 | R35: =P35+Q35*R$52/1000 -> 5.869168 | S35: 9.481778 | T35: 0 | U35: =S35+T35*U$52/1000 -> 9.481778 | V35: 4.467447 | W35: 0 | X35: =V35+W35*X$52/1000 -> 4.467447 | Y35: 8.717161 | Z35: 0 | AA35: =Y35+Z35*AA$52/1000 -> 8.717161 | AB35: 4.028322 | AC35: 0 | AD35: =AB35+AC35*AD$52/1000 -> 4.028322 | AU35: =SUM(K35,N35,Q35,T35,W35,Z35,AC35,AF35,AI35,AL35,AO35,AR35) -> 0
F36: 임차료, 관리비 | G36: 0.919248 | H36: 0 | I36: =G36+H36*I$52/1000 -> 0.919248 | J36: 0.919248 | K36: 0 | L36: =J36+K36*L$52/1000 -> 0.919248 | M36: 0.919248 | N36: 0 | O36: =M36+N36*O$52/1000 -> 0.919248 | P36: 0.919248 | Q36: 0 | R36: =P36+Q36*R$52/1000 -> 0.919248 | S36: 0.919248 | T36: 0 | U36: =S36+T36*U$52/1000 -> 0.919248 | V36: 0.919248 | W36: 0 | X36: =V36+W36*X$52/1000 -> 0.919248 | Y36: 0.919248 | Z36: 0 | AA36: =Y36+Z36*AA$52/1000 -> 0.919248 | AB36: 0.919248 | AC36: 0 | AD36: =AB36+AC36*AD$52/1000 -> 0.919248 | AU36: =SUM(K36,N36,Q36,T36,W36,Z36,AC36,AF36,AI36,AL36,AO36,AR36) -> 0
F37: 지급수수료 | G37: 0.001 | H37: 0 | I37: =G37+H37*I$52/1000 -> 0.001 | J37: 0 | K37: 0 | L37: =J37+K37*L$52/1000 -> 0 | M37: 0.636795 | N37: 0 | O37: =M37+N37*O$52/1000 -> 0.636795 | P37: 0 | Q37: 0 | R37: =P37+Q37*R$52/1000 -> 0 | S37: 1.701073 | T37: 0 | U37: =S37+T37*U$52/1000 -> 1.701073 | V37: 2.298395 | W37: 0 | X37: =V37+W37*X$52/1000 -> 2.298395 | Y37: 0 | Z37: 0 | AA37: =Y37+Z37*AA$52/1000 -> 0 | AB37: 0.476281 | AC37: 0 | AD37: =AB37+AC37*AD$52/1000 -> 0.476281 | AU37: =SUM(K37,N37,Q37,T37,W37,Z37,AC37,AF37,AI37,AL37,AO37,AR37) -> 0
F38: 통신비등 | G38: 1.58793 | H38: 0 | I38: =G38+H38*I$52/1000 -> 1.58793 | J38: 3.755018 | K38: 0 | L38: =J38+K38*L$52/1000 -> 3.755018 | M38: 0.23522 | N38: 0 | O38: =M38+N38*O$52/1000 -> 0.23522 | P38: 0.39991 | Q38: 0 | R38: =P38+Q38*R$52/1000 -> 0.39991 | S38: 0.445111 | T38: 0 | U38: =S38+T38*U$52/1000 -> 0.445111 | V38: 0.23502 | W38: 0 | X38: =V38+W38*X$52/1000 -> 0.23502 | Y38: 0.236022 | Z38: 0 | AA38: =Y38+Z38*AA$52/1000 -> 0.236022 | AB38: 0.452207 | AC38: 0 | AD38: =AB38+AC38*AD$52/1000 -> 0.452207 | AU38: =SUM(K38,N38,Q38,T38,W38,Z38,AC38,AF38,AI38,AL38,AO38,AR38) -> 0
C39: C. 운용자금 입지출(=해지-예치) | G39: =G40-G41 -> 900 | H39: =H40-H41 -> 0 | I39: =I40-I41 -> 900 | J39: =J40-J41 -> 0 | K39: =K40-K41 -> 0 | L39: =L40-L41 -> 0 | M39: =M40-M41 -> 0 | N39: =N40-N41 -> 0 | ... AV39: =AV40-AV41 -> 100
D40: 해지(입금) | G40: 900 | H40: =SUMIFS('7월데이터'!$E:$E,'7월데이터'!$A:$A,"금융상품",'7월데이터'!$D:$D,"USD")/1000 -> 0 | I40: =G40+H40*$R$52/1000 -> 900 | J40: 0 | K40: =SUMIFS('8월데이터'!$E:$E,'8월데이터'!$A:$A,"금융상품",'8월데이터'!$D:$D,"USD")/1000 -> 0 | L40: =J40+K40*$R$52/1000 -> 0 | N40: =SUMIFS('7월데이터'!$E:$E,'7월데이터'!$A:$A,"금융상품",'7월데이터'!$D:$D,"USD")/1000 -> 0 | O40: =M40+N40*$R$52/1000 -> 0 | P40: 0 | Q40: =SUMIFS('8월데이터'!$E:$E,'8월데이터'!$A:$A,"금융상품",'8월데이터'!$D:$D,"USD")/1000 -> 0 | R40: =P40+Q40*$R$52/1000 -> 0 | S40: 0 | T40: =SUMIFS('8월데이터'!$E:$E,'8월데이터'!$A:$A,"금융상품",'8월데이터'!$D:$D,"USD")/1000 -> 0 | U40: =S40+T40*U52/1000 -> 0 | V40: 300 | W40: 0 | X40: =V40+W40*X52/1000 -> 300 | Y40: 0 | Z40: =SUMIFS('8월데이터'!$E:$E,'8월데이터'!$A:$A,"금융상품",'8월데이터'!$D:$D,"USD")/1000 -> 0 | AA40: =Y40+Z40*AA52/1000 -> 0 | AB40: 0 | AC40: =SUMIFS('8월데이터'!$E:$E,'8월데이터'!$A:$A,"금융상품",'8월데이터'!$D:$D,"USD")/1000 -> 0 | AD40: =AB40+AC40*AD52/1000 -> 0 | AF40: =SUMIFS('8월데이터'!$E:$E,'8월데이터'!$A:$A,"금융상품",'8월데이터'!$D:$D,"USD")/1000 -> 0 | AG40: =AE40+AF40*AG52/1000 -> 0 | AH40: 0 | AI40: 0 | AJ40: =AH40+AI40*AJ52/1000 -> 0 | AK40: 0 | AL40: =SUMIFS('8월데이터'!$E:$E,'8월데이터'!$A:$A,"금융상품",'8월데이터'!$D:$D,"USD")/1000 -> 0 | AM40: =AK40+AL40*AM52/1000 -> 0 | AN40: 0 | AO40: =SUMIFS('8월데이터'!$E:$E,'8월데이터'!$A:$A,"금융상품",'8월데이터'!$D:$D,"USD")/1000 -> 0 | AP40: =AN40+AO40*AP52/1000 -> 0 | AQ40: =SUM(G40,J40,M40,P40,S40,V40,Y40,AB40,AE40,AH40,AK40,AN40) -> 1200 | AR40: =SUM(H40,K40,N40,Q40,T40,W40,Z40,AC40,AF40,AI40,AL40,AO40) -> 0 | AS40: =AQ40+AR40*AS52/1000 -> 1200 | AT40: =AQ40/AW3 -> 100 | AU40: =SUM(K40,N40,Q40,T40,W40,Z40,AC40,AF40,AI40,AL40,AO40,AR40) -> 0 | AV40: =AT40+AU40*AV52/1000 -> 100
D41: 예치(지출) | G41: 0 | H41: =SUMIFS('7월데이터'!$F:$F,'7월데이터'!$A:$A,"금융상품",'7월데이터'!$D:$D,"USD")/1000 -> 0 | I41: =G41+H41*$R$52/1000 -> 0 | J41: 0 | K41: =SUMIFS('8월데이터'!$F:$F,'8월데이터'!$A:$A,"금융상품",'8월데이터'!$D:$D,"USD")/1000 -> 0 | L41: =J41+K41*$R$52/1000 -> 0 | N41: =SUMIFS('7월데이터'!$F:$F,'7월데이터'!$A:$A,"금융상품",'7월데이터'!$D:$D,"USD")/1000 -> 0 | O41: =M41+N41*$R$52/1000 -> 0 | P41: 0 | Q41: =SUMIFS('8월데이터'!$F:$F,'8월데이터'!$A:$A,"금융상품",'8월데이터'!$D:$D,"USD")/1000 -> 0 | R41: =P41+Q41*$R$52/1000 -> 0 | S41: 0 | T41: =SUMIFS('8월데이터'!$F:$F,'8월데이터'!$A:$A,"금융상품",'8월데이터'!$D:$D,"USD")/1000 -> 0 | U41: =S41+T41*U52/1000 -> 0 | W41: 0 | X41: =V41+W41*X52/1000 -> 0 | Y41: 0 | Z41: =SUMIFS('8월데이터'!$F:$F,'8월데이터'!$A:$A,"금융상품",'8월데이터'!$D:$D,"USD")/1000 -> 0 | AA41: =Y41+Z41*AA52/1000 -> 0 | AB41: 0 | AC41: =SUMIFS('8월데이터'!$F:$F,'8월데이터'!$A:$A,"금융상품",'8월데이터'!$D:$D,"USD")/1000 -> 0 | AD41: =AB41+AC41*AD52/1000 -> 0 | AE41: 0 | AF41: =SUMIFS('8월데이터'!$F:$F,'8월데이터'!$A:$A,"금융상품",'8월데이터'!$D:$D,"USD")/1000 -> 0 | AG41: =AE41+AF41*AG52/1000 -> 0 | AH41: 0 | AI41: 0 | AJ41: =AH41+AI41*AJ52/1000 -> 0 | AK41: 0 | AL41: =SUMIFS('8월데이터'!$F:$F,'8월데이터'!$A:$A,"금융상품",'8월데이터'!$D:$D,"USD")/1000 -> 0 | AM41: =AK41+AL41*AM52/1000 -> 0 | AN41: 0 | AO41: =SUMIFS('8월데이터'!$F:$F,'8월데이터'!$A:$A,"금융상품",'8월데이터'!$D:$D,"USD")/1000 -> 0 | AP41: =AN41+AO41*AP52/1000 -> 0 | AQ41: =SUM(G41,J41,M41,P41,S41,V41,Y41,AB41,AE41,AH41,AK41,AN41) -> 0 | AR41: =SUM(H41,K41,N41,Q41,T41,W41,Z41,AC41,AF41,AI41,AL41,AO41) -> 0 | AS41: =AQ41+AR41*AS52/1000 -> 0 | AT41: =AQ41/AW3 -> 0 | AU41: =SUM(K41,N41,Q41,T41,W41,Z41,AC41,AF41,AI41,AL41,AO41,AR41) -> 0 | AV41: =AT41+AU41*AV52/1000 -> 0
C42: D. FX | G42: =G43-G44 -> 0 | H42: =H43-H44 -> 0 | I42: =I43-I44 -> 0 | J42: =J43-J44 -> 0 | K42: =K43-K44 -> 0 | L42: =L43-L44 -> 0 | M42: =M43-M44 -> 0 | N42: =N43-N44 -> 0 | ... AV42: =AV43-AV44 -> 0
D43: 입금 | I43: =G43+H43*$R$52/1000 -> 0 | J43: 0 | K43: 0 | L43: =J43+K43*$R$52/1000 -> 0 | M43: 0 | N43: 0 | O43: =M43+N43*$R$52/1000 -> 0 | P43: 0 | Q43: 0 | R43: =P43+Q43*$R$52/1000 -> 0 | S43: 0 | T43: 0 | U43: =S43+T43*U52/1000 -> 0 | V43: 0 | W43: 0 | X43: =V43+W43*X52/1000 -> 0 | Y43: 0 | Z43: 0 | AA43: =Y43+Z43*AA52/1000 -> 0 | AB43: 0 | AC43: 0 | AD43: =AB43+AC43*AD52/1000 -> 0 | AE43: 0 | AF43: 0 | AG43: =AE43+AF43*AG52/1000 -> 0 | AH43: 0 | AI43: 0 | AJ43: =AH43+AI43*AJ52/1000 -> 0 | AK43: 0 | AL43: 0 | AM43: =AK43+AL43*AM52/1000 -> 0 | AN43: 0 | AO43: 0 | AP43: =AN43+AO43*AP52/1000 -> 0 | AQ43: =SUM(G43,J43,M43,P43,S43,V43,Y43,AB43,AE43,AH43,AK43,AN43) -> 0 | AR43: =SUM(H43,K43,N43,Q43,T43,W43,Z43,AC43,AF43,AI43,AL43,AO43) -> 0 | AS43: =AQ43+AR43*AS52/1000 -> 0 | AT43: =SUM(J43,M43,P43,S43,V43,Y43,AB43,AE43,AH43,AK43,AN43,AQ43) -> 0 | AU43: =SUM(K43,N43,Q43,T43,W43,Z43,AC43,AF43,AI43,AL43,AO43,AR43) -> 0 | AV43: =AT43+AU43*AV52/1000 -> 0
D44: 출금 | I44: =G44+(H44*$R$52/1000) -> 0 | J44: 0 | K44: 0 | L44: =J44+K44*$R$52/1000 -> 0 | M44: 0 | N44: 0 | O44: =M44+(N44*$R$52/1000) -> 0 | P44: 0 | Q44: 0 | R44: =P44+Q44*$R$52/1000 -> 0 | S44: 0 | T44: 0 | U44: =S44+T44*U52/1000 -> 0 | V44: 0 | W44: 0 | X44: =V44+W44*X52/1000 -> 0 | Y44: 0 | Z44: 0 | AA44: =Y44+Z44*AA52/1000 -> 0 | AB44: 0 | AC44: 0 | AD44: =AB44+AC44*AD52/1000 -> 0 | AE44: 0 | AF44: 0 | AG44: =AE44+AF44*AG52/1000 -> 0 | AH44: 0 | AI44: 0 | AJ44: =AH44+AI44*AJ52/1000 -> 0 | AK44: 0 | AL44: 0 | AM44: =AK44+AL44*AM52/1000 -> 0 | AN44: 0 | AO44: 0 | AP44: =AN44+AO44*AP52/1000 -> 0 | AQ44: =SUM(G44,J44,M44,P44,S44,V44,Y44,AB44,AE44,AH44,AK44,AN44) -> 0 | AR44: =SUM(H44,K44,N44,Q44,T44,W44,Z44,AC44,AF44,AI44,AL44,AO44) -> 0 | AS44: =AQ44+AR44*AS52/1000 -> 0 | AT44: =SUM(J44,M44,P44,S44,V44,Y44,AB44,AE44,AH44,AK44,AN44,AQ44) -> 0 | AU44: =SUM(K44,N44,Q44,T44,W44,Z44,AC44,AF44,AI44,AL44,AO44,AR44) -> 0 | AV44: =AT44+AU44*AV52/1000 -> 0
C45: E. 조달 | G45: =G46-G47 -> 0 | H45: =H46-H47 -> 0 | I45: =I46-I47 -> 0 | J45: =J46-J47 -> 0 | K45: =K46-K47 -> 0 | L45: =L46-L47 -> 0 | M45: =M46-M47 -> 0 | N45: =N46-N47 -> 0 | ... AV45: =AV46-AV47 -> 0
D46: 입금 | G46: =SUMIF('7월데이터'!$A:$A,"차입금",'7월데이터'!$E:$E)/1000000 -> 0 | H46: 0 | I46: =G46+H46*$R$52/1000 -> 0 | J46: 0 | K46: 0 | L46: =J46+K46*$R$52/1000 -> 0 | M46: =SUMIF('7월데이터'!$A:$A,"차입금",'7월데이터'!$E:$E)/1000000 -> 0 | N46: 0 | O46: =M46+N46*$R$52/1000 -> 0 | Q46: 0 | R46: =P46+Q46*$R$52/1000 -> 0 | S46: 0 | T46: 0 | U46: =S46+T46*U52/1000 -> 0 | V46: 0 | W46: 0 | X46: =V46+W46*X52/1000 -> 0 | Y46: 0 | Z46: 0 | AA46: =Y46+Z46*AA52/1000 -> 0 | AB46: 0 | AC46: 0 | AD46: =AB46+AC46*AD52/1000 -> 0 | AF46: 0 | AG46: =AE46+AF46*AG52/1000 -> 0 | AH46: 0 | AI46: 0 | AJ46: =AH46+AI46*AJ52/1000 -> 0 | AL46: 0 | AM46: =AK46+AL46*AM52/1000 -> 0 | AO46: 0 | AP46: =AN46+AO46*AP52/1000 -> 0 | AQ46: =SUM(G46,J46,M46,P46,S46,V46,Y46,AB46,AE46,AH46,AK46,AN46) -> 0 | AR46: =SUM(H46,K46,N46,Q46,T46,W46,Z46,AC46,AF46,AI46,AL46,AO46) -> 0 | AS46: =AQ46+AR46*AS52/1000 -> 0 | AT46: =SUM(J46,M46,P46,S46,V46,Y46,AB46,AE46,AH46,AK46,AN46,AQ46) -> 0 | AU46: =SUM(K46,N46,Q46,T46,W46,Z46,AC46,AF46,AI46,AL46,AO46,AR46) -> 0 | AV46: =AT46+AU46*AV52/1000 -> 0
D47: 출금 | G47: =SUMIF('7월데이터'!$A:$A,"차입금상환",'7월데이터'!$F:$F)/1000000 -> 0 | H47: 0 | I47: =G47+(H47*$R$52/1000) -> 0 | J47: 0 | K47: 0 | L47: =J47+K47*$R$52/1000 -> 0 | M47: =SUMIF('7월데이터'!$A:$A,"차입금상환",'7월데이터'!$F:$F)/1000000 -> 0 | N47: 0 | O47: =M47+(N47*$R$52/1000) -> 0 | P47: 0 | Q47: 0 | R47: =P47+Q47*$R$52/1000 -> 0 | S47: 0 | T47: 0 | U47: =S47+T47*U52/1000 -> 0 | V47: 0 | W47: 0 | X47: =V47+W47*X52/1000 -> 0 | Y47: 0 | Z47: 0 | AA47: =Y47+Z47*AA52/1000 -> 0 | AB47: 0 | AC47: 0 | AD47: =AB47+AC47*AD52/1000 -> 0 | AE47: 0 | AF47: 0 | AG47: =AE47+AF47*AG52/1000 -> 0 | AH47: 0 | AI47: 0 | AJ47: =AH47+AI47*AJ52/1000 -> 0 | AK47: 0 | AL47: 0 | AM47: =AK47+AL47*AM52/1000 -> 0 | AN47: 0 | AO47: 0 | AP47: =AN47+AO47*AP52/1000 -> 0 | AQ47: =SUM(G47,J47,M47,P47,S47,V47,Y47,AB47,AE47,AH47,AK47,AN47) -> 0 | AR47: =SUM(H47,K47,N47,Q47,T47,W47,Z47,AC47,AF47,AI47,AL47,AO47) -> 0 | AS47: =AQ47+AR47*AS52/1000 -> 0 | AT47: =SUM(J47,M47,P47,S47,V47,Y47,AB47,AE47,AH47,AK47,AN47,AQ47) -> 0 | AU47: =SUM(K47,N47,Q47,T47,W47,Z47,AC47,AF47,AI47,AL47,AO47,AR47) -> 0 | AV47: =AT47+AU47*AV52/1000 -> 0
C48: F. 유동자금 증감(=B+C+D+E) | G48: =G7+G39+G42+G45 -> 853.98536 | H48: =H7+H39+H42+H45 -> 0 | I48: =I7+I39+I42+I45 -> 853.98536 | J48: =J7+J39+J42+J45 -> -63.59707 | K48: =K7+K39+K42+K45 -> 0 | L48: =L7+L39+L42+L45 -> -63.59707 | M48: =M7+M39+M42+M45 -> -1026.1228 | N48: =N7+N39+N42+N45 -> 0 | ... AV48: =AV7+AV39+AV42+AV45 -> 16.072046
C49: G. 운용자금 증감 | D49: 운용자금 증감 | G49: =G41-G40 -> -900 | H49: =H41-H40 -> 0 | I49: =I41-I40 -> -900 | V49: =V41-V40 -> -300 | W49: =W41-W40 -> 0 | X49: =V49 -> -300 | AQ49: =SUM(G49,J49,M49,P49,S49,V49,Y49,AB49,AE49,AH49,AK49,AN49) -> -1200 | AS49: =SUM(I49,L49,O49,R49,U49,X49,AA49,AD49,AG49,AJ49,AM49,AP49) -> -1200
C50: H. 기말잔고(=A+G+F) | G50: =G6+G48+G49 -> 3561.0752 | H50: =H6+H48+H49 -> 0 | I50: =I6+I48+I49 -> 3561.0752 | J50: =J6+J48 -> 3497.4781 | K50: =K6+K48 -> 0 | L50: =L6+L48 -> 3497.4781 | M50: =M6+M48+M49 -> 2471.3553 | N50: =N6+N48+N49 -> 0 | O50: =O6+O48+O49 -> 2471.3553 | P50: =P6+P48+P49 -> 2470.299 | Q50: =Q6+Q48+Q49 -> 0 | R50: =R6+R48+R49 -> 2470.299 | S50: =S6+S48+S49 -> 2488.7483 | T50: =T6+T48+T49 -> 0 | ... AA50: =AA6+AA48+AA49 -> 2421.3483 | AB50: =AB6+AB48 -> 2390.3125 | AC50: =AC6+AC48 -> 0 | AD50: =AD6+AD48 -> 2390.3125 | AE50: =AE6+AE48+AE49 -> 2390.3125 | AF50: =AF6+AF48 -> 0 | AG50: =AG6+AG48+AG49 -> 2390.3125 | AH50: =AH6+AH48 -> 2390.3125 | AI50: =AI6+AI48 -> 0 | AJ50: =AJ6+AJ48 -> 2390.3125 | AK50: =AK6+AK48 -> 2390.3125 | AL50: =AL6+AL48 -> 0 | AM50: =AM6+AM48 -> 2390.3125 | AN50: =AN6+AN48 -> 2390.3125 | AO50: =AO6+AO48 -> 0 | AP50: =AP6+AP48 -> 2390.3125 | AQ50: =AQ6+AQ48+AQ49 -> 2599.9543 | AR50: =AR6+AR48 -> 0 | AS50: =AS48+AS6+AS49 -> 2599.9543 | AU50: =AU6+AU48 -> 0

Sheet 7월데이터
A1: 7월 자금실적 | H1: USD | I1: 1541.5
A3: 구분 | B3: 업체명 | C3: 적요 | D3: 통화 | E3: 입금 | F3: 출금 | G3: 외화금액
A4: 기타 | B4: 하나은행 | C4: 잔액증명서발급수수료(7/1) | D4: KRW | F4: 1000
A5: 원천세 | B5: 금천세무서 | C5: 2026년 6월 근로소득세 원천징수(7/9) | D5: KRW | F5: 3563860
A6: 원천세 | B6: 금천구청 | C6: 2026년 6월 근로소득주민세 원천징수(7/9) | D6: KRW | F6: 356380
A7: 4대보험 | B7: 건강보험공단 | C7: 건강보험료(7/10) | D7: KRW | F7: 1678060
A8: 4대보험 | B8: 국민연금공단 | C8: 국민연금 보험료(7/10) | D8: KRW | F8: 1085920
A9: 4대보험 | B9: 고용보험공단 | C9: 고용보험료(7/10) | D9: KRW | F9: 117760
A10: 4대보험 | B10: 고용보험공단 | C10: 산재보험료(7/10) | D10: KRW | F10: 42930
A11: 기타 | B11: ㈜비즈마켓 | C11: 복지포인트 2분기 상계금액 환급(7/10) | D11: KRW | E11: 78020
A12: 퇴직연금 | B12: 기업은행 | C12: 임직원 퇴직연금_기업은행 | D12: KRW | F12: 1466670
A13: 퇴직연금 | B13: 한국투자증권 | C13: 임직원 퇴직연금_한국투자증권 | D13: KRW | F13: 461810
A14: 기타 | B14: 주식회사 세포아소프트 | C14: 법인카드데이타 연동서비스 | D14: KRW | F14: 110000
A15: 기타 | B15: 아름다운세차 | C15: 임원 복리후생(정기세차) 비용 납부 | D15: KRW | F15: 99000
A16: 복리후생비 | B16: 삼성웰스토리(주)컴투스 | C16: 사내식당 임직원 식대 | D16: KRW | F16: 96000
A17: 복리후생비 | B17: 최민준 | C17: 주택자금대출 이자지원 | D17: KRW | F17: 59247
A18: 복리후생비 | B18: 카페 어썸 | C18: 사내카페 운영비용 | D18: KRW | F18: 1000
A19: 직원비용 | B19: 임직원 | C19: 260720직원경비(7/20) | D19: KRW | F19: 8717161
A20: 경영지원용역비 | B20: (주)컴투스 | C20: 회계 등 경영부문 용역료 지급 | D20: KRW | F20: 2970000
A21: 지급임차료 | B21: (주)컴투스 | C21: BYC 하이시티 B동 24층 월정임차료 | D21: KRW | F21: 919248
A22: 경영지원용역비 | B22: (주)컴투스 | C22: 4사 공용비용 지급 | D22: KRW | F22: 295375
A23: 경영지원용역비 | B23: (주)컴투스 | C23: 인사 용역료 지급 | D23: KRW | F23: 44256
... A31: 기타 | B31: LG U+ | C31: 인터넷 전화 및 음성회의 전화요금 | D31: KRW | F31: 3150
A32: 외상매출금 | B32: 컴투스플랫폼 | C32: 서버비 정산금(7/31) | D32: KRW | E32: 56328
D33: KRW
D34: KRW
D35: KRW
D36: KRW
D37: KRW
D38: KRW
D39: KRW
D40: KRW
D41: KRW
D42: KRW
D43: KRW
D44: KRW
... D47: KRW

Sheet 8월데이터
A1: 8월 자금계획 | G1: 환율 | H1: USD | I1: 1541.5
A3: 구분 | B3: 업체명 | C3: 적요 | D3: 통화 | E3: 입금 | F3: 출금 | G3: 외화금액
A4: 투자금 | D4: KRW
A5: 투자금 | D5: KRW
A6: 금융상품 | B6: 하나은행 | C6: 정기예금 3억원 만기 해지(6/22) | D6: KRW
A7: 이자수익 | B7: 하나은행 | C7: 정기예금 3억원 만기 해지 이자 입금(6/22) | D7: KRW
A8: 금융상품 | B8: 하나은행 | C8: 하나/정기예금/3억/6M | D8: KRW
A9: 금융상품 | B9: 하나은행 | C9: 펀드 일부 해지 | D9: KRW
A10: 이자수익 | B10: 하나은행 | C10: 펀드 일부 해지 수익 입금 | D10: KRW
A11: 세금환급 | B11: 금천구 | C11: 법인세 환급 | D11: KRW
A12: 세금환급 | B12: 금천구 | C12: 법인지방소득세 환급 | D12: KRW
A13: 세금환급 | B13: 금천세무서 | C13: 부가가치세 환급(5월중순) | D13: KRW
A14: 부가가치세 | B14: 금천세무서 | C14: 부가가치세 신고 (다음 환급일 : 4월) | D14: KRW
A15: 투자금 | B15: 에이탑유니버스 | C15: 신주인수 투자금 납입 | D15: KRW
A16: 기타 | B16: 주식회사 세포아소프트 | C16: 법인카드 데이터 연동시스템 사용 | D16: KRW | F16: 110000
A17: 경영지원용역비 | B17: ㈜컴투스 | C17: 인사 용역료 | D17: KRW | F17: 43689
A18: 경영지원용역비 | B18: ㈜컴투스홀딩스 | C18: 전산자산 운용 용역료 | D18: KRW
A19: 경영지원용역비 | B19: ㈜컴투스 | C19: 분기별 경영부문 용역료 | D19: KRW
A20: 경영지원용역비 | B20: ㈜컴투스 | C20: 분기별 그룹사 공용비용 | D20: KRW
A21: 기타 | B21: ㈜컴투스 | C21: 컨벤션 행사 서비스 용역료 | D21: KRW
A22: 기타 | B22: ㈜컴투스 | C22: 상표권 로열티 | D22: KRW
A23: 지급임차료 | B23: ㈜컴투스 | C23: 월정임차료 및 관리비 | D23: KRW | F23: 919248
A24: 기타 | B24: LG유플러스 | C24: 대표번호 전화요금 | D24: KRW | F24: 18700
A25: 세금환급 | B25: 금천세무서 | C25: 법인세 환급 | D25: KRW
A26: 세금환급 | B26: 금천구청 | C26: 법인지방소득세 환급 | D26: KRW
A27: 부가가치세 | B27: 금천세무서 | C27: 예정/확정 부가가치세 납부 | D27: KRW
A28: 기타 | B28: ㈜컴투스플랫폼 | C28: 컨벤션 공동운영 수익 배분 | D28: KRW
A29: 기타 | B29: ㈜컴투스플랫폼 | C29: 컨벤션 행사 서버비 분담금 | D29: KRW
A30: 기타제세공과금 | B30: 금천구청 | C30: 사업소분 주민세 납부 | D30: KRW | F30: 250000
A31: 복리후생비 | B31: 임직원 | C31: 주택자금대출 이자지원 | D31: KRW | F31: 55956
A32: 식당운영비 | B32: 삼성웰스토리 | C32: 사내식당 이용 금액 | D32: KRW | F32: 216000
A33: 식당운영비 | B33: 카페어썸 | C33: 사내카페 이용 금액 | D33: KRW | F33: 13700
A34: 식당운영비 | B34: 카페테리아 어썸 | C34: 야간매점 이용 금액 | D34: KRW
A35: 기타 | B35: 에스케이쉴더스 | C35: 사내보안 월정료 | D35: KRW
A36: 기타 | B36: 신도네트웍스 | C36: 복합기 임차료 | D36: KRW
A37: 기타 | B37: LG U+ | C37: 사내 인터넷전화 이용 금액 | D37: KRW | F37: 3157
A38: 기타 | B38: 비전가 | C38: 사내 비데 유지보수 | D38: KRW
A39: 기타 | B39: 느루정(주식회사 영석) | C39: 26년 외부 거래처 설날 선물 지급의 건 | D39: KRW
A40: 기타 | B40: 고위드 | C40: 퀵 운반비 이용 금액 | D40: KRW | F40: 20350
A41: 복리후생비 | B41: 브이아이피버스 | C41: 통근버스 이용 금액 | D41: KRW
A42: 기타 | B42: 청호나이스 | C42: 사내 얼음정수기 이용 금액 | D42: KRW
A43: 기타 | B43: 포브리지 | C43: 명함 제작 | D43: KRW
A44: 기타 | B44: 다큐페이스 | C44: 명함 제작 | D44: KRW
A45: 직원비용 | B45: ㈜비즈마켓 | C45: 복지포인트 온라인 결제금액 | D45: KRW
A46: 직원비용 | B46: 하나카드 | C46: 복지포인트 오프라인 결제금액 | D46: KRW
A47: 기타 | B47: 인터파크 | C47: 복지포인트 환급 | D47: KRW
A48: 직원비용 | B48: 삼성카드/임직원 | C48: 직원경비 및 삼성카드 대금 | D48: KRW | F48: 4028322
A49: 복리후생비 | B49: 어린이집 | C49: 위탁보육료 | D49: KRW
A50: 기타 | B50: 삼신상사 | C50: 경조업체 | D50: KRW | F50: 300000
A51: 복리후생비 | B51: 아름다운세차 | C51: 임원 세차 | D51: KRW | F51: 99000
A52: 복리후생비 | B52: 슈퍼콘 | C52: 임직원 명절(설/추석)선물 | D52: KRW
A53: 복리후생비 | B53: 핸들포유 | C53: 임원 운전대행비 | D53: KRW
A54: 4대보험 | B54: 국민연금보험공단 | C54: 연금보험료 | D54: KRW | F54: 1165240
A55: 4대보험 | B55: 국민건강보험공단 | C55: 건강보험료 | D55: KRW | F55: 1678060
A56: 4대보험 | B56: 고용보험공단 | C56: 고용산재보험료 | D56: KRW | F56: =161190-500 -> 160690
A57: 복리후생비 | B57: 임직원 | C57: 동호회비 | D57: KRW
A58: 복리후생비 | B58: 임직원 | C58: 경조사비 | D58: KRW
A59: 기타 | B59: 이지앤웰니스 주식회사 | C59: EAP서비스 이용 대금 | D59: KRW
A60: 복리후생비 | B60: 주식회사 인프랩 | C60: 학습플랫폼(인프런) 교육비 지급 | D60: KRW
A61: 기타 | B61: 주식회사 모두의교육그룹 | C61: 25년 법정의무교육 비용 지급 | D61: KRW
A62: 급여 | B62: 임직원 | C62: 급여/잔여연차수당/연말정산세액/퇴직위로금 | D62: KRW | F62: 15000000
A63: 원천세 | B63: 금천세무서, 금천구청 | C63: 근로소득세/지방소득세/종업원할사업소세 | D63: KRW | F63: =3563860+356380 -> 3920240
A64: 지급수수료 | B64: 기업은행 | C64: 퇴직연금 관리 수수료 납입의 건(기업은행) | D64: KRW | F64: 476281
A65: 퇴직연금 | B65: 한국투자증권,미래에셋증권, 기업은행 | C65: 퇴직연금 | D65: KRW | F65: 1928480
A66: 복리후생비 | B66: 하나로,KMI,녹십자,소중한메디케어 | C66: 건강검진비용 | D66: KRW
A67: 복리후생비 | B67: 엘케이보험중개 | C67: 26년 단체상해보험계약 | D67: KRW
A68: 전산관련지출 | B68: (주)닥터소프트 | C68: S/W 자산솔루션(Netrix) 유지보수 | D68: KRW | F68: 825
A69: 전산관련지출 | B69: 아이티스톤 | C69: 전산소모품 구매 | D69: KRW
A70: 전산관련지출 | B70: (주)소프트플러스 | C70: 25년 Adobe 라이선스 연간 단가 갱신 계약의 건 (컴투버스) | D70: KRW
A71: 전산관련지출 | B71: 베스핀글로벌(주) | C71: 구글 클라우드 플랫폼 EDP 계약 | D71: KRW | F71: 347600
A72: 전산관련지출 | B72: 텐센트코리아 유한회사 | C72: Tencent Cloud 서비스 이용료(상용/개발) | D72: KRW | F72: 336600
A73: 전산관련지출 | B73: (주)가비아 | C73: 신규 도메인 구매 (catalyster.io)/도메인 연장 비용 | D73: KRW
A74: 지급수수료 | B74: 국민이주 ㈜ | C74: 컴투버스 미국 법인 설립대행 계약금액 지출 | D74: KRW
A75: 전산관련지출 | B75: ㈜파인앤서비스 | C75: CodeSign 인증서 연장 구매 비용 | D75: KRW
A76: 전산관련지출 | B76: 슈어엠㈜ | C76: SMS 후불 비용 정산 | D76: KRW
A77: 전산관련지출 | B77: 메가존클라우드(주) | C77: AWS | D77: KRW
A78: 전산관련지출 | B78: 메가존소프트(주) | C78: CDN | D78: KRW
A79: 전산관련지출 | B79: Aceville Pte. Ltd. | C79: 텐센트 클라우드 | D79: KRW
A80: 전산관련지출 | B80: (주)모나미이미징솔루션즈 | C80: 업무용 하드웨어 구매 (조립 PC (디자인)) | D80: KRW
A81: 전산관련지출 | B81: (주)소프트플러스 | C81: 업무용 소프트웨어 라이선스 구독 (Adobe Premiere CC (신규 4개월)) | D81: KRW
A82: 전산관련지출 | B82: 한국소프트웨어서비스 | C82: Parallels Desktop for Mac Business Edition 1EA 구독 | D82: KRW
A83: 외상매출금 | B83: 컴투스플랫폼 | C83: 텐센트클라우드 서비스 이용료 분담 | D83: KRW | E83: 56328
A84: 지급수수료 | B84: 하나은행 | C84: 잔액증명서 발급수수료 | D84: KRW
A85: 지급수수료 | B85: 특허법인 위더피플 | C85: 메타버스 통합 인증 방법 및 시스템 특허비용 지출의 건 | D85: KRW
A86: 기타 | B86: ㈜위펀 | C86: 11월 네이버페이 지급의 건(생일자 선물) | D86: KRW
A87: 전산관련지출 | B87: ㈜제니스클라우드 | C87: 26년 Microsoft CAL 3년차 비용 지출 | D87: KRW
A88: 전산관련지출 | B88: ㈜제니스클라우드 | C88: 망분리(VDI) 2,3차 구축에 대한 Microsoft 라이선스 구독 3년차 비용 지출 | D88: KRW
A89: 지급수수료 | B89: 하나은행 | C89: 인증서 갱신 수수료 | D89: KRW
A90: 기타 | B90: ㈜비즈마켓 | C90: 노후장비 판매 | D90: KRW

Sheet 2022년 자금실적
A1: 2022년 컴투버스 자금수지 실적
B7: ※ 2022년 4월 1일 설립 | T7: (단위 : 억원)
B8: 구분 | F8: 2022년 | T8: 세부사항
F9: 1월 | G9: 2월 | H9: 3월 | I9: 4월 | J9: 5월 | K9: 6월 | L9: 7월 | M9: 8월 | N9: 9월 | O9: 10월 | P9: 11월 | Q9: 12월 | R9: 합계 | S9: 월평균
B10: A. 기초잔고 | F10: 0 | G10: =F41 -> 0 | H10: =G41 -> 0 | I10: =H41 -> 0 | J10: =I41 -> 145.92 | K10: =J41 -> 140.60398 | L10: =K41 -> 132.40663 | M10: =L41 -> 111.91968 | N10: =M41 -> 101.27779 | ... Q10: =P41 -> 144.13111 | R10: =F10 -> 0 | S10: =R10/9 -> 0
B11: B. 수입 | F11: =SUM(F12:F14) -> 0 | G11: =SUM(G12:G14) -> 0 | H11: =SUM(H12:H14) -> 0 | I11: =SUM(I12:I14) -> 0 | J11: =SUM(J12:J14) -> 0 | K11: =SUM(K12:K14) -> 0.20207258 | L11: =SUM(L12:L14) -> 0.22 | M11: =SUM(M12:M14) -> 1.6513174 | ... Q11: =SUM(Q12:Q14) -> 0.77390841 | R11: =SUM(R12,R14) -> 3.1812684 | S11: =R11/9 -> 0.35347427
C12: 경상 | I12: 0 | J12: 0 | K12: 0.20207258 | L12: 0 | M12: 0 | N12: 0.33293501 | O12: 0 | P12: 0 | Q12: 0.49694445 | R12: 1.031952 | S12: 0.11466134 | T12: ○ 이자수익
C14: 비경상 | F14: 0 | G14: 0 | H14: 0 | I14: 0 | J14: 0 | K14: 0 | L14: 0.22 | M14: 1.6513174 | N14: 0.001035 | O14: 0 | P14: 0 | Q14: 0.27696396 | R14: 2.1493164 | S14: 0.23881293 | T14: ○ 8월 : 부가가치세 환급 1.7억
B16: C. 지출 | F16: =SUM(F17,F30) -> 0 | G16: =SUM(G17,G30) -> 0 | H16: =SUM(H17,H30) -> 0 | I16: 4.08 | J16: 5.3160247 | K16: 8.399416 | L16: 20.706949 | M16: 12.293211 | N16: 11.859373 | O16: 13.528439 | P16: 12.092835 | Q16: 12.924097 | R16: =SUM(R17,R30) -> 101.20035 | S16: =R16/9 -> 11.244483
C17: 경상 | I17: =I16-I30 -> 3.15 | J17: =J16-J30 -> 4.2960247 | K17: =K16-K30 -> 6.209416 | L17: =L16-L30 -> 8.1869491 | M17: =M16-M30 -> 12.293211 | N17: =N16-N30 -> 11.399373 | O17: =O16-O30 -> 11.558439 | P17: =P16-P30 -> 12.092835 | Q17: =Q16-Q30 -> 12.484097 | R17: =SUM(F17:Q17) -> 81.670346 | S17: =R17/9 -> 9.0744829
D18: 인건비 | I18: 2.33 | J18: 3.5830717 | K18: 3.9665967 | L18: 4.6375612 | M18: 5.2415973 | N18: 6.2017018 | O18: 6.4086734 | P18: 7.7378274 | Q18: 8.4500645 | R18: 48.557094 | S18: 5.3952327
D19: S/W, H/W 매입 | I19: 0 | J19: 0.07 | K19: 0.49 | L19: 0.64 | M19: 4.3 | N19: 1.33 | O19: 0.8 | P19: 1.49 | Q19: 1.36 | R19: 10.48 | S19: 1.1644444
D20: 기타 | I20: =I17-SUM(I18:I19) -> 0.82 | J20: =J17-SUM(J18:J19) -> 0.64295298 | K20: =K17-SUM(K18:K19) -> 1.7528193 | L20: =L17-SUM(L18:L19) -> 2.9093879 | M20: =M17-SUM(M18:M19) -> 2.7516141 | N20: =N17-SUM(N18:N19) -> 3.8676715 | O20: =O17-SUM(O18:O19) -> 4.349766 | P20: =P17-SUM(P18:P19) -> 2.8650079 | Q20: =Q17-SUM(Q18:Q19) -> 2.6740325 | R20: =SUM(I20:Q20) -> 22.633252 | S20: =R20/9 -> 2.5148058
E21: 제세공과금 | I21: 0.72 | J21: 0.36 | K21: 0.49 | L21: 0.45 | M21: 0.51 | N21: 0.53 | O21: 0.68 | P21: 0.72 | Q21: 0.88 | R21: =SUM(I21:Q21) -> 5.34 | S21: =R21/9 -> 0.59333333 | T21: ○ 4월 : 법인등기 영리법인 설립 등록면허세(컴투스 대납분)
E22: 전산관련지출 | K22: 0.03 | L22: 0.03 | M22: 0.06 | N22: 0.16 | O22: 0.19 | P22: 0.31 | Q22: 0.4 | R22: =SUM(I22:Q22) -> 1.18 | S22: =R22/9 -> 0.13111111
E23: 경영, 업무지원, 운영용역비 | L23: 0.29 | M23: 0.5 | N23: 2.05 | O23: 1.15 | P23: 0.6 | Q23: 0.25 | R23: =SUM(I23:Q23) -> 4.84 | S23: =R23/9 -> 0.53777778
E24: 복리후생비 | J24: 0.06 | K24: 0.085 | L24: 0.099 | M24: 0.154 | N24: 0.21 | O24: 0.183 | P24: 0.118 | Q24: 0.264 | R24: =SUM(I24:Q24) -> 1.173 | S24: =R24/9 -> 0.13033333 | T24: ○ 동호회비, 건강검진비용, 명절 선물대금 등
E25: 식당, 카페, 매점 등 운영비 | J25: 0.06 | K25: 0.085 | L25: 0.099 | M25: 0.154 | N25: 0.21 | O25: 0.183 | P25: 0.178 | Q25: 0.264 | R25: =SUM(I25:Q25) -> 1.233 | S25: =R25/9 -> 0.137
E26: 직원비용, 복지포인트 사용비 | J26: 0.07 | K26: 0.25 | L26: 0.34 | M26: 0.37 | N26: 0.268 | O26: 0.32 | P26: 0.38 | Q26: 0.428 | R26: =SUM(I26:Q26) -> 2.426 | S26: =R26/9 -> 0.26955556
E27: 임차료, 관리비 | I27: 0.04 | J27: 0.046 | K27: 0.144 | L27: 0.145 | M27: 0.146 | N27: 0.147 | O27: 0.149 | P27: 0.15 | Q27: 0.16 | R27: =SUM(I27:Q27) -> 1.127 | S27: =R27/9 -> 0.12522222
E28: 지급수수료 | K28: 0.5 | L28: 0.99 | N28: 0.06 | R28: =SUM(I28:Q28) -> 1.55 | S28: =R28/9 -> 0.17222222 | T28: ○ 7월: 메타버스 정보보호 컨설팅수수료 0.99백만
E29: 통신비등 | I29: =I20-SUM(I21:I28) -> 0.06 | J29: =J20-SUM(J21:J28) -> 0.04695298 | K29: =K20-SUM(K21:K28) -> 0.16881929 | L29: =L20-SUM(L21:L28) -> 0.46638789 | M29: =M20-SUM(M21:M28) -> 0.85761413 | N29: =N20-SUM(N21:N28) -> 0.23267147 | O29: =O20-SUM(O21:O28) -> 1.494766 | P29: =P20-SUM(P21:P28) -> 0.40900787 | Q29: =Q20-SUM(Q21:Q28) -> 0.02803251 | R29: =SUM(I29:Q29) -> 3.7642521 | S29: =R29/9 -> 0.41825023 | T29: ○ 8월, 10월 : 컴투버스 미디어데이 외주용역비, C동 사무가구비
C30: 비경상 | F30: =SUM(F31:F34) -> 0 | G30: =SUM(G31:G34) -> 0 | H30: =SUM(H31:H34) -> 0 | I30: =SUM(I31:I34) -> 0.93 | J30: =SUM(J31:J34) -> 1.02 | K30: =SUM(K31:K34) -> 2.19 | L30: =SUM(L31:L34) -> 12.52 | M30: =SUM(M31:M34) -> 0 | ... Q30: =SUM(Q31:Q34) -> 0.44 | R30: =SUM(F30:Q30) -> 19.53 | S30: =R30/9 -> 2.17
D31: 지식재산권 양수 | L31: 12.52 | R31: 12.52 | S31: 1.3911111 | T31: ○ 양도인 : 컴투스
D32: 임대보증금 | I32: 0.93 | J32: 0 | K32: 2.02 | L32: 0 | M32: 0 | N32: 0.46 | O32: 0 | P32: 0 | Q32: 0.44 | R32: 2.92 | S32: 0.32444444
D33: 시설장치 | J33: 1.02 | K33: 0.17 | O33: 1.97 | R33: 1.19 | S33: 0.13222222
D34: 기타 | R34: 0 | S34: 0
B35: D. 자금수지차 (=B-C) | F35: =F11-F16 -> 0 | G35: =G11-G16 -> 0 | H35: =H11-H16 -> 0 | I35: =I11-I16 -> -4.08 | J35: =J11-J16 -> -5.3160247 | K35: =K11-K16 -> -8.1973434 | L35: =L11-L16 -> -20.486949 | M35: =M11-M16 -> -10.641894 | ... R35: =R11-R16 -> -98.019078 | S35: =R35/9 -> -10.891009
C36: D-1. 경상수지차 | F36: =F12-F17 -> 0 | G36: =G12-G17 -> 0 | H36: =H12-H17 -> 0 | I36: =I12-I17 -> -3.15 | J36: =J12-J17 -> -4.2960247 | K36: =K12-K17 -> -6.0073434 | L36: =L12-L17 -> -8.1869491 | M36: =M12-M17 -> -12.293211 | ... R36: =R12-R17 -> -80.638394 | S36: =R36/9 -> -8.9598216
B37: E. 자금조달(증자) | I37: 150 | N37: 40 | P37: 40 | Q37: 80 | R37: =SUM(F37:Q37) -> 310 | S37: =R37/9 -> 34.444444 | T37: ○ 4월 : 컴투스 105억, 위지윅스튜디오 37.5억, 엔피 7.5억 출자
T38: ○ 9월 : SK네트웍스 40억 출자
T39: ○ 11월 : 하나비욘드 파이낸스 40억 출자
T40: ○ 12월 : 교원넥스트 40억, 교보문고 40억 출자
B41: F. 기말잔고(=A+D+E) | F41: =F10+F35+F37 -> 0 | G41: =G10+G35+G37 -> 0 | H41: =H10+H35+H37 -> 0 | I41: =I10+I35+I37 -> 145.92 | J41: =J10+J35+J37 -> 140.60398 | K41: =K10+K35+K37 -> 132.40663 | L41: =L10+L35+L37 -> 111.91968 | M41: =M10+M35+M37 -> 101.27779 | ... R41: =R10+R35+R37 -> 211.98092 | S41: =R41/9 -> 23.553436

Sheet 2025년 자금실적
A1: 2025년 카탈리스터 자금수지 계획
V7: (단위 : 백만원)
B8: 구분 | F8: 2024년 | H8: 2025년 | V8: 세부사항 | X8: 12
H9: 실적
F10: 합계 | G10: 월평균 | H10: 1월(A) | I10: 2월(A) | J10: 3월(A) | K10: 4월(A) | L10: 5월(A) | M10: 6월(A) | N10: 7월(A) | O10: 8월(A) | P10: 9월(A) | Q10: 10월(A) | R10: 11월(A) | S10: 12월(A) | T10: 합계 | U10: 월평균
B11: A. 기초잔고 | F11: 6331.622 | H11: 4099.9981 | I11: =H40 -> 4038.6536 | J11: =I40 -> 3995.3713 | K11: =J40 -> 3959.2229 | L11: =K40 -> 3934.9535 | M11: =L40 -> 3903.8527 | N11: =M40 -> 3866.2086 | O11: =N40 -> 3813.1417 | P11: =O40 -> 3775.77 | ... S11: =R40 -> 3652.9076 | T11: =H11 -> 4099.9981
B12: B. 수입 | F12: 792.85789 | G12: =F12/12 -> 66.071491 | H12: =SUM(H13:H14) -> 0.983342 | I12: =SUM(I13:I14) -> 1.124748 | J12: =SUM(J13:J14) -> 5.522713 | K12: =SUM(K13:K14) -> 22.720413 | L12: =SUM(L13:L14) -> 6.749239 | M12: =SUM(M13:M14) -> 9.59222 | N12: =SUM(N13:N14) -> 0.393609 | O12: =SUM(O13:O14) -> 2.65228 | ... S12: =SUM(S13:S14) -> 0.556989 | T12: =SUM(T13,T14) -> 58.275551 | U12: =T12/$X$8 -> 4.8562959
C13: 경상 | F13: 100.15047 | G13: =F13/12 -> 8.3458726 | H13: 0.983342 | I13: 1.124748 | J13: 5.522713 | K13: 22.720413 | L13: 6.749239 | M13: 9.59222 | N13: 0.393609 | O13: 2.65228 | P13: 3.950388 | Q13: 2.582751 | R13: 1.446859 | S13: 0.556989 | T13: =SUM(H13:S13) -> 58.275551 | U13: =T13/$X$8 -> 4.8562959 | V13: ○ 이자수익, 세금환급(부가세, 법인세) 등
C14: 비경상 | F14: 692.70742 | G14: =F14/12 -> 57.725618 | H14: 0 | I14: 0 | J14: 0 | K14: 0 | L14: 0 | M14: 0 | N14: 0 | O14: 0 | P14: 0 | Q14: 0 | R14: 0 | S14: 0 | T14: =SUM(H14:S14) -> 0 | U14: =T14/$X$8 -> 0 | V14: ○ 자산양수도 대금, 재고장비 판매대금, 임차보증금 등
B15: C. 지출 | F15: 3024.4817 | G15: =F15/12 -> 252.04014 | H15: 62.327915 | I15: 44.406966 | J15: 41.671187 | K15: 46.98983 | L15: 37.849956 | M15: 47.236311 | N15: =N16+N29 -> 53.460586 | O15: =O16+O29 -> 40.023903 | P15: =P16+P29 -> 41.886724 | Q15: =Q16+Q29 -> 45.534208 | R15: =R16+R29 -> 43.421559 | S15: =S16+S29 -> 46.617188 | T15: =SUM(T16,T29) -> 551.42633 | U15: =T15/$X$8 -> 45.952194
C16: 경상 | F16: 3024.4817 | G16: =F16/12 -> 252.04014 | H16: =H15-H29 -> 62.327915 | I16: =I15-I29 -> 44.406966 | J16: =J15-J29 -> 41.671187 | K16: =K15-K29 -> 46.98983 | L16: =L15-L29 -> 37.849956 | M16: =SUM(M17:M19) -> 47.236311 | N16: =SUM(N17:N19) -> 53.460586 | O16: =SUM(O17:O19) -> 40.023903 | P16: =SUM(P17:P19) -> 41.886724 | Q16: =SUM(Q17:Q19) -> 45.534208 | R16: =SUM(R17:R19) -> 43.421559 | S16: =SUM(S17:S19) -> 46.617188 | T16: =SUM(H16:S16) -> 551.42633 | U16: =T16/$X$8 -> 45.952194
D17: 인건비 | F17: 2133.8572 | G17: =F17/12 -> 177.82143 | H17: 24.85729 | I17: 34.28999 | J17: 28.59095 | K17: 29.25174 | L17: 28.11826 | M17: 28.11826 | N17: 28.09324 | O17: 28.12428 | P17: 28.13378 | Q17: 28.13578 | R17: 28.42702 | S17: 30.85293 | T17: =SUM(H17:S17) -> 344.99352 | U17: =T17/$X$8 -> 28.74946
D18: S/W, H/W 매입 | F18: 160.54317 | G18: =F18/12 -> 13.378597 | H18: 0 | I18: 1.1418 | J18: 0 | K18: 0 | L18: 0 | M18: 0 | N18: 0 | O18: 0 | P18: 0 | Q18: 0 | R18: 0 | S18: 0 | T18: =SUM(H18:S18) -> 1.1418 | U18: =T18/$X$8 -> 0.09515
D19: 기타 | F19: 730.08137 | G19: =F19/12 -> 60.840115 | H19: =H16-SUM(H17:H18) -> 37.470625 | I19: =I16-SUM(I17:I18) -> 8.975176 | J19: =J16-SUM(J17:J18) -> 13.080237 | K19: =K16-SUM(K17:K18) -> 17.73809 | L19: =L16-SUM(L17:L18) -> 9.731696 | M19: =SUM(M20:M28) -> 19.118051 | N19: =SUM(N20:N28) -> 25.367346 | O19: =SUM(O20:O28) -> 11.899623 | P19: =SUM(P20:P28) -> 13.752944 | Q19: =SUM(Q20:Q28) -> 17.398428 | R19: =SUM(R20:R28) -> 14.994539 | S19: =SUM(S20:S28) -> 15.764258 | T19: =SUM(H19:S19) -> 205.29101 | U19: =T19/$X$8 -> 17.107584
E20: 제세공과금 | F20: 138.07748 | G20: =F20/12 -> 11.506457 | H20: 9.98006 | I20: 0 | J20: 0 | K20: 0 | L20: 1.5739 | M20: 5.09157 | N20: 4.93922 | O20: 5.18922 | P20: 4.93922 | Q20: 4.93922 | R20: 4.93922 | S20: 4.93922 | T20: =SUM(H20:S20) -> 46.53085 | U20: =T20/$X$8 -> 3.8775708 | V20: ○ 원천세 등
E21: 전산관련지출 | F21: 166.54513 | G21: =F21/12 -> 13.87876 | H21: 13.106855 | I21: 5.412448 | J21: 5.818429 | K21: 3.235641 | L21: 3.6179 | M21: 4.773561 | N21: 1.519217 | O21: 1.265235 | P21: 1.472461 | Q21: 1.446166 | R21: 1.50262 | S21: 4.006679 | T21: =SUM(H21:S21) -> 47.177212 | U21: =T21/$X$8 -> 3.9314343
E22: 경영, 업무지원, 운영용역비 | F22: 104.17638 | G22: =F22/12 -> 8.6813653 | H22: 3.529234 | I22: 0.058245 | J22: 0.056719 | K22: 3.535715 | L22: 0.062677 | M22: 0.061947 | N22: 3.485957 | O22: 0.058311 | P22: 0.057776 | Q22: 3.501225 | R22: 0.059862 | S22: 0.060569 | T22: =SUM(H22:S22) -> 14.528237 | U22: =T22/$X$8 -> 1.2106864 | V22: ○ 분기별 그룹사 공용비용 등
E23: 복리후생비 | F23: 51.951745 | G23: =F23/12 -> 4.3293121 | H23: 0.926196 | I23: 0.183763 | J23: 1.099541 | K23: 1.635446 | L23: 0.289322 | M23: 0.178322 | N23: 2.5242 | O23: 0.171571 | P23: 0.173516 | Q23: 0.660489 | R23: 1.061733 | S23: 0.664783 | T23: =SUM(H23:S23) -> 9.568882 | U23: =T23/$X$8 -> 0.79740683 | V23: ○ 동호회비, 건강검진비용, 명절 선물대금 등
E24: 식당, 카페, 매점 등 운영비 | F24: 32.3141 | G24: =F24/12 -> 2.6928417 | H24: 0.3571 | I24: 0.2537 | J24: 0.3952 | K24: 0.401 | L24: 0.3900006 | M24: 0.32 | N24: 0.3255 | O24: 0.429 | P24: 0.2719 | Q24: 0.343 | R24: 0.3 | S24: 0.2905 | T24: =SUM(H24:S24) -> 4.0769006 | U24: =T24/$X$8 -> 0.33974172
E25: 직원비용, 복지포인트 사용비 | F25: 10.599403 | G25: =F25/12 -> 0.88328362 | H25: 5.823092 | I25: 1.927858 | J25: 3.07398 | K25: 2.44847 | L25: 2.939861 | M25: 5.130312 | N25: 4.746188 | O25: 3.273832 | P25: 5.555783 | Q25: 5.34612 | R25: 6.072156 | S25: 4.737039 | T25: =SUM(H25:S25) -> 51.074691 | U25: =T25/$X$8 -> 4.2562242
E26: 임차료, 관리비 | F26: 95.56924 | G26: =F26/12 -> 7.9641033 | H26: 0.919248 | I26: 0.919248 | J26: 0.919248 | K26: 0.919248 | L26: 0.919248 | M26: 0.919248 | N26: 0.919248 | O26: 0.919248 | P26: 0.919248 | Q26: 0.919248 | R26: 0.919248 | S26: 0.919248 | T26: =SUM(H26:S26) -> 11.030976 | U26: =T26/$X$8 -> 0.919248
E27: 지급수수료 | F27: 15.357349 | G27: =F27/12 -> 1.2797791 | H27: 0.001 | I27: 0 | J27: 1.56096 | K27: 4.95426 | L27: 0 | M27: 0 | N27: 6.695256 | O27: 0.453506 | P27: 0 | Q27: 0.001 | R27: 0 | S27: 0 | T27: =SUM(H27:S27) -> 13.665982 | U27: =T27/$X$8 -> 1.1388318 | V27: ○ 등기비용, 퇴직연금관리수수료 등
E28: 통신비등 | F28: 70.298818 | G28: =F28/12 -> 5.8582348 | H28: 2.82784 | I28: 0.219914 | J28: 0.15616 | K28: 0.23691 | L28: 0.507647 | M28: 2.643091 | N28: 0.21256 | O28: 0.1397 | P28: 0.36304 | Q28: 0.24196 | R28: 0.1397 | S28: 0.14622 | T28: =SUM(H28:S28) -> 7.834742 | U28: =T28/$X$8 -> 0.65289517
C29: 비경상 | F29: 0 | G29: =F29/12 -> 0 | H29: =SUM(H30:H33) -> 0 | I29: =SUM(I30:I33) -> 0 | J29: =SUM(J30:J33) -> 0 | K29: =SUM(K30:K33) -> 0 | L29: =SUM(L30:L33) -> 0 | M29: =SUM(M30:M33) -> 0 | N29: =SUM(N30:N33) -> 0 | O29: =SUM(O30:O33) -> 0 | ... S29: =SUM(S30:S33) -> 0 | T29: =SUM(H29:S29) -> 0 | U29: =T29/$X$8 -> 0
D30: 지식재산권 양수 | F30: 0 | G30: =F30/12 -> 0 | T30: =SUM(H30:S30) -> 0 | U30: =T30/$X$8 -> 0
D31: 임대보증금 | F31: 0 | G31: =F31/12 -> 0 | T31: =SUM(H31:S31) -> 0 | U31: =T31/$X$8 -> 0
D32: 시설장치 | F32: 0 | G32: =F32/12 -> 0 | T32: =SUM(H32:S32) -> 0 | U32: =T32/$X$8 -> 0
D33: 기타 | F33: 0 | G33: =F33/12 -> 0 | T33: =SUM(H33:S33) -> 0 | U33: =T33/$X$8 -> 0
B34: D. 자금수지차 (=B-C) | F34: =F12-F15 -> -2231.6238 | G34: =F34/12 -> -185.96865 | H34: =H12-H15 -> -61.344573 | I34: =I12-I15 -> -43.282218 | J34: =J12-J15 -> -36.148474 | K34: =K12-K15 -> -24.269417 | L34: =L12-L15 -> -31.100717 | M34: =M12-M15 -> -37.644091 | N34: =N12-N15 -> -53.066977 | O34: =O12-O15 -> -37.371623 | ... T34: =T12-T15 -> -493.15078 | U34: =T34/$X$8 -> -41.095899
C35: D-1. 경상수지차 | F35: =F13-F16 -> -2924.3313 | G35: =F35/12 -> -243.69427 | H35: =H13-H16 -> -61.344573 | I35: =I13-I16 -> -43.282218 | J35: =J13-J16 -> -36.148474 | K35: =K13-K16 -> -24.269417 | L35: =L13-L16 -> -31.100717 | M35: =M13-M16 -> -37.644091 | N35: =N13-N16 -> -53.066977 | O35: =O13-O16 -> -37.371623 | ... T35: =T13-T16 -> -493.15078 | U35: =T35/$X$8 -> -41.095899
B36: E. 자금조달(증자) | F36: 0 | G36: =F36/12 -> 0 | T36: =SUM(H36:S36) -> 0 | U36: =T36/$X$8 -> 0
B40: F. 기말잔고(=A+D+E) | F40: =F11+F34+F36 -> 4099.9981 | H40: =H11+H34+H36 -> 4038.6536 | I40: =I11+I34+I36 -> 3995.3713 | J40: =J11+J34+J36 -> 3959.2229 | K40: =K11+K34+K36 -> 3934.9535 | L40: =L11+L34+L36 -> 3903.8527 | M40: =M11+M34+M36 -> 3866.2086 | N40: =N11+N34+N36 -> 3813.1417 | O40: =O11+O34+O36 -> 3775.77 | ... T40: =T11+T34+T36 -> 3606.8474

Sheet 2026년 자금실적
A1: 2026년 카탈리스터 자금수지 계획
V7: (단위 : 백만원)
B8: 구분 | F8: 2025년 | H8: 2026년 | V8: 세부사항 | X8: 12
H9: 실적 | O9: 계획
F10: 합계 | G10: 월평균 | H10: 1월(A) | I10: 2월(A) | J10: 3월(A) | K10: 4월(A) | L10: 5월(A) | M10: 6월(A) | N10: 7월(A) | O10: 8월 | P10: 9월 | Q10: 10월 | R10: 11월 | S10: 12월 | T10: 합계 | U10: 월평균
B11: A. 기초잔고 | F11: 4099.9981 | H11: =F41 -> 3607.0898 | I11: =H41 -> 3561.0752 | J11: =I41 -> 3497.4781 | K11: =J41 -> 2471.3553 | L11: =K41 -> 2470.299 | M11: =L41 -> 2488.7483 | N11: =M41 -> 2462.4869 | O11: =N41 -> 2421.3483 | P11: =O41 -> 2390.3125 | ... S11: =R41 -> 2280.5127 | T11: =H11 -> 3607.0898
B12: B. 수입 | F12: ='2025년 자금실적'!T12 -> 58.275551 | G12: ='2025년 자금실적'!U12 -> 4.8562959 | H12: =SUM(H13:H14) -> 16.726369 | I12: =SUM(I13:I14) -> 1.412739 | J12: =SUM(J13:J14) -> 0.632712 | K12: =SUM(K13:K14) -> 30.488058 | L12: =SUM(L13:L14) -> 52.683682 | M12: =SUM(M13:M14) -> 6.535533 | N12: =SUM(N13:N14) -> 0.134348 | O12: =SUM(O13:O14) -> 0.056328 | ... S12: =SUM(S13:S14) -> 0.385 | T12: =SUM(T13,T14) -> 110.20977 | U12: =T12/$X$8 -> 9.1841474
C13: 경상 | F13: ='2025년 자금실적'!T13 -> 58.275551 | G13: ='2025년 자금실적'!U13 -> 4.8562959 | H13: 16.726369 | I13: 1.412739 | J13: 0.632712 | K13: 15.121058 | L13: 1.49789 | M13: 6.535533 | N13: 0.134348 | O13: 0.056328 | P13: 0.385 | Q13: 0.385 | R13: 0.385 | S13: 0.385 | T13: =SUM(H13:S13) -> 43.656977 | U13: =T13/$X$8 -> 3.6380814 | V13: ○ 이자수익, 세금환급(부가세, 법인세) 등
C14: 비경상 | F14: ='2025년 자금실적'!T14 -> 0 | G14: ='2025년 자금실적'!U14 -> 0 | H14: 0 | I14: 0 | J14: 0 | K14: 15.367 | L14: 51.185792 | M14: 0 | N14: 0 | O14: 0 | P14: 0 | Q14: 0 | R14: 0 | S14: 0 | T14: =SUM(H14:S14) -> 66.552792 | U14: =T14/$X$8 -> 5.546066 | V14: ○ 자산양수도 대금 등
B15: C. 지출 | F15: ='2025년 자금실적'!T15 -> 551.42633 | G15: ='2025년 자금실적'!U15 -> 45.952194 | H15: =H16+H29 -> 62.741009 | I15: =I16+I29 -> 65.009809 | J15: =J16+J29 -> 1026.7555 | K15: =K16+K29 -> 31.544296 | L15: =L16+L29 -> 34.234398 | M15: =M16+M29 -> 32.796978 | N15: =N16+N29 -> 41.272917 | O15: =O16+O29 -> 31.092138 | ... S15: =S16+S29 -> 35.64037 | T15: =SUM(T16,T29) -> 1472.0422 | U15: =T15/$X$8 -> 122.67018
C16: 경상 | F16: ='2025년 자금실적'!T16 -> 551.42633 | G16: ='2025년 자금실적'!U16 -> 45.952194 | H16: =SUM(H17:H19) -> 62.741009 | I16: =SUM(I17:I19) -> 57.873359 | J16: =SUM(J17:J19) -> 26.756513 | K16: =SUM(K17:K19) -> 31.544296 | L16: =SUM(L17:L19) -> 34.234398 | M16: =SUM(M17:M19) -> 32.796978 | N16: =SUM(N17:N19) -> 41.272917 | O16: =SUM(O17:O19) -> 31.092138 | ... S16: =SUM(S17:S19) -> 35.64037 | T16: =SUM(H16:S16) -> 464.90675 | U16: =T16/$X$8 -> 38.742229
D17: 인건비 | F17: ='2025년 자금실적'!T17 -> 344.99352 | G17: ='2025년 자금실적'!U17 -> 28.74946 | H17: 43.63493 | I17: 38.99243 | J17: 20.246437 | K17: 20.133707 | L17: 18.989177 | M17: 19.808037 | N17: 19.669627 | O17: 19.93247 | P17: 21.34895 | Q17: 21.34895 | R17: 21.34895 | S17: 21.34895 | T17: =SUM(H17:S17) -> 286.80262 | U17: =T17/$X$8 -> 23.900218 | V17: ○ 급여, 4대보험, 퇴직연금 등
D18: S/W, H/W 매입 | F18: ='2025년 자금실적'!T18 -> 1.1418 | G18: ='2025년 자금실적'!U18 -> 0.09515 | H18: 0 | I18: 0 | J18: 0 | K18: 0 | L18: 0 | M18: 0 | N18: 0 | O18: 0 | P18: 0 | Q18: 0 | R18: 0 | S18: 0 | T18: =SUM(H18:S18) -> 0 | U18: =T18/$X$8 -> 0
D19: 기타 | F19: ='2025년 자금실적'!T19 -> 205.29101 | G19: ='2025년 자금실적'!U19 -> 17.107584 | H19: =SUM(H20:H28) -> 19.106079 | I19: =SUM(I20:I28) -> 18.880929 | J19: =SUM(J20:J28) -> 6.510076 | K19: =SUM(K20:K28) -> 11.410589 | L19: =SUM(L20:L28) -> 15.245221 | M19: =SUM(M20:M28) -> 12.988941 | N19: =SUM(N20:N28) -> 21.60329 | O19: =SUM(O20:O28) -> 11.159668 | ... S19: =SUM(S20:S28) -> 14.29142 | T19: =SUM(H19:S19) -> 178.10413 | U19: =T19/$X$8 -> 14.842011
E20: 제세공과금 | F20: ='2025년 자금실적'!T20 -> 46.53085 | G20: ='2025년 자금실적'!U20 -> 3.8775708 | H20: 4.93922 | I20: 5.2613 | J20: 0 | K20: 0 | L20: 0 | M20: 1.75016 | N20: 7.57959 | O20: 4.17024 | P20: 5 | Q20: 5 | R20: 5 | S20: 5 | T20: =SUM(H20:S20) -> 43.70051 | U20: =T20/$X$8 -> 3.6417092 | V20: ○ 원천세 등
E21: 전산관련지출 | F21: ='2025년 자금실적'!T21 -> 47.177212 | G21: ='2025년 자금실적'!U21 -> 3.9314343 | H21: 0.78595 | I21: 2.840809 | J21: 0.910306 | K21: 0.708204 | L21: 0.826483 | M21: 1.41149 | N21: 0.685391 | O21: 0.685025 | P21: 1.501225 | Q21: 1.501225 | R21: 1.501225 | S21: 1.501225 | T21: =SUM(H21:S21) -> 14.858558 | U21: =T21/$X$8 -> 1.2382132
E22: 경영, 업무지원, 운영용역비 | F22: ='2025년 자금실적'!T22 -> 14.528237 | G22: ='2025년 자금실적'!U22 -> 1.2106864 | H22: 3.557324 | I22: 0.061712 | J22: 0.04229 | K22: 3.349059 | L22: 0.044597 | M22: 0.044976 | N22: 3.309631 | O22: 0.043689 | P22: 0.057776 | Q22: 3.501225 | R22: 0.0605 | S22: 0.061947 | T22: =SUM(H22:S22) -> 14.134726 | U22: =T22/$X$8 -> 1.1778938 | V22: ○ 분기별 그룹사 공용비용 등
E23: 복리후생비 | F23: ='2025년 자금실적'!T23 -> 9.568882 | G23: ='2025년 자금실적'!U23 -> 0.79740683 | H23: 1.678515 | I23: 0.660082 | J23: 1.26286 | K23: 0 | L23: 1.681931 | M23: 1.778205 | N23: 0.156247 | O23: 0.154956 | P23: 1.4 | Q23: 0.8 | R23: 0.8 | S23: 0.8 | T23: =SUM(H23:S23) -> 11.172796 | U23: =T23/$X$8 -> 0.93106633 | V23: ○ 동호회비, 건강검진비용, 명절선물 등
E24: 식당, 카페, 매점 등 운영비 | F24: ='2025년 자금실적'!T24 -> 4.0769006 | G24: ='2025년 자금실적'!U24 -> 0.33974172 | H24: 0.311 | I24: 0.165 | J24: 0.1392 | K24: 0.165 | L24: 0.145 | M24: 0.084 | N24: 0 | O24: 0.2297 | P24: 0.309 | Q24: 0.309 | R24: 0.309 | S24: 0.309 | T24: =SUM(H24:S24) -> 2.4749 | U24: =T24/$X$8 -> 0.20624167
E25: 직원비용, 복지포인트 사용비 | F25: ='2025년 자금실적'!T25 -> 51.074691 | G25: ='2025년 자금실적'!U25 -> 4.2562242 | H25: 5.325892 | I25: 5.21776 | J25: 2.364157 | K25: 5.869168 | L25: 9.481778 | M25: 4.467447 | N25: 8.717161 | O25: 4.028322 | P25: 5 | Q25: 5 | R25: 5 | S25: 5 | T25: =SUM(H25:S25) -> 65.471685 | U25: =T25/$X$8 -> 5.4559738
E26: 임차료, 관리비 | F26: ='2025년 자금실적'!T26 -> 11.030976 | G26: ='2025년 자금실적'!U26 -> 0.919248 | H26: 0.919248 | I26: 0.919248 | J26: 0.919248 | K26: 0.919248 | L26: 0.919248 | M26: 0.919248 | N26: 0.919248 | O26: 0.919248 | P26: 0.919248 | Q26: 0.919248 | R26: 0.919248 | S26: 0.919248 | T26: =SUM(H26:S26) -> 11.030976 | U26: =T26/$X$8 -> 0.919248
E27: 지급수수료 | F27: ='2025년 자금실적'!T27 -> 13.665982 | G27: ='2025년 자금실적'!U27 -> 1.1388318 | H27: 0.001 | I27: 0 | J27: 0.636795 | K27: 0 | L27: 1.701073 | M27: 2.298395 | N27: 0 | O27: 0.476281 | P27: 0.3 | Q27: 0.3 | R27: 0.3 | S27: 0.3 | T27: =SUM(H27:S27) -> 6.313544 | U27: =T27/$X$8 -> 0.52612867
E28: 통신비등 | F28: ='2025년 자금실적'!T28 -> 7.834742 | G28: ='2025년 자금실적'!U28 -> 0.65289517 | H28: 1.58793 | I28: 3.755018 | J28: 0.23522 | K28: 0.39991 | L28: 0.445111 | M28: 0.23502 | N28: 0.236022 | O28: 0.452207 | P28: 0.4 | Q28: 0.4 | R28: 0.4 | S28: 0.4 | T28: =SUM(H28:S28) -> 8.946438 | U28: =T28/$X$8 -> 0.7455365
C29: 비경상 | F29: ='2025년 자금실적'!T29 -> 0 | G29: ='2025년 자금실적'!U29 -> 0 | H29: =SUM(H30:H34) -> 0 | I29: =SUM(I30:I34) -> 7.13645 | J29: =SUM(J30:J34) -> 999.999 | K29: =SUM(K30:K34) -> 0 | L29: =SUM(L30:L34) -> 0 | M29: =SUM(M30:M34) -> 0 | N29: =SUM(N30:N34) -> 0 | O29: =SUM(O30:O34) -> 0 | ... S29: =SUM(S30:S34) -> 0 | T29: =SUM(H29:S29) -> 1007.1354 | U29: =T29/$X$8 -> 83.927954
D30: 지식재산권 양수 | F30: ='2025년 자금실적'!T30 -> 0 | G30: ='2025년 자금실적'!U30 -> 0 | T30: =SUM(H30:S30) -> 0 | U30: =T30/$X$8 -> 0
D31: 임대보증금 | F31: ='2025년 자금실적'!T31 -> 0 | G31: ='2025년 자금실적'!U31 -> 0 | T31: =SUM(H31:S31) -> 0 | U31: =T31/$X$8 -> 0
D32: 시설장치 | F32: ='2025년 자금실적'!T32 -> 0 | G32: ='2025년 자금실적'!U32 -> 0 | T32: =SUM(H32:S32) -> 0 | U32: =T32/$X$8 -> 0
D33: 투자금 | F33: 0 | G33: 0 | I33: 7.13645 | J33: 999.999 | T33: =SUM(H33:S33) -> 1007.1354 | U33: =T33/$X$8 -> 83.927954 | V33: ○ 미국법인 출자금, ATOP UNIVERSE 신주인수대금
D34: 기타 | F34: ='2025년 자금실적'!T33 -> 0 | G34: ='2025년 자금실적'!U33 -> 0 | T34: =SUM(H34:S34) -> 0 | U34: =T34/$X$8 -> 0
B35: D. 자금수지차 (=B-C) | F35: ='2025년 자금실적'!T34 -> -493.15078 | G35: ='2025년 자금실적'!U34 -> -41.095899 | H35: =H12-H15 -> -46.01464 | I35: =I12-I15 -> -63.59707 | J35: =J12-J15 -> -1026.1228 | K35: =K12-K15 -> -1.056238 | L35: =L12-L15 -> 18.449284 | M35: =M12-M15 -> -26.261445 | N35: =N12-N15 -> -41.138569 | O35: =O12-O15 -> -31.03581 | ... T35: =T12-T15 -> -1361.8324 | U35: =T35/$X$8 -> -113.48604
C36: D-1. 경상수지차 | F36: ='2025년 자금실적'!T35 -> -493.15078 | G36: ='2025년 자금실적'!U35 -> -41.095899 | H36: =H13-H16 -> -46.01464 | I36: =I13-I16 -> -56.46062 | J36: =J13-J16 -> -26.123801 | K36: =K13-K16 -> -16.423238 | L36: =L13-L16 -> -32.736508 | M36: =M13-M16 -> -26.261445 | N36: =N13-N16 -> -41.138569 | O36: =O13-O16 -> -31.03581 | ... T36: =T13-T16 -> -421.24977 | U36: =T36/$X$8 -> -35.104148
B37: E. 자금조달(증자) | F37: ='2025년 자금실적'!T36 -> 0 | G37: ='2025년 자금실적'!U36 -> 0 | T37: =SUM(H37:S37) -> 0 | U37: =T37/$X$8 -> 0
F38: ='2025년 자금실적'!T37 -> 0 | G38: ='2025년 자금실적'!U37 -> 0
F39: ='2025년 자금실적'!T38 -> 0 | G39: ='2025년 자금실적'!U38 -> 0
F40: ='2025년 자금실적'!T39 -> 0 | G40: ='2025년 자금실적'!U39 -> 0
B41: F. 기말잔고(=A+D+E) | F41: 3607.0898 | H41: =H11+H35+H37 -> 3561.0752 | I41: =I11+I35+I37 -> 3497.4781 | J41: =J11+J35+J37 -> 2471.3553 | K41: =K11+K35+K37 -> 2470.299 | L41: =L11+L35+L37 -> 2488.7483 | M41: =M11+M35+M37 -> 2462.4869 | N41: =N11+N35+N37 -> 2421.3483 | O41: =O11+O35+O37 -> 2390.3125 | ... T41: =T11+T35+T37 -> 2245.2574
B43: ※ 검증 : '기타'(19행) = 연간 시트 [마케팅비+제세공과금+지급이자+전산관련지출+개발외주용역비+경영용역비+기타]
C44: ① 연간 기준 합계 | H44: =연간!I19+연간!I20+연간!I25+연간!I29+연간!I30+연간!I31+연간!I32 -> 19.106079 | I44: =연간!L19+연간!L20+연간!L25+연간!L29+연간!L30+연간!L31+연간!L32 -> 18.880929 | J44: =연간!O19+연간!O20+연간!O25+연간!O29+연간!O30+연간!O31+연간!O32 -> 6.510076 | K44: =연간!R19+연간!R20+연간!R25+연간!R29+연간!R30+연간!R31+연간!R32 -> 11.410589 | L44: =연간!U19+연간!U20+연간!U25+연간!U29+연간!U30+연간!U31+연간!U32 -> 15.245221 | M44: =연간!X19+연간!X20+연간!X25+연간!X29+연간!X30+연간!X31+연간!X32 -> 12.988941 | N44: =연간!AA19+연간!AA20+연간!AA25+연간!AA29+연간!AA30+연간!AA31+연간!AA32 -> 21.60329 | O44: =연간!AD19+연간!AD20+연간!AD25+연간!AD29+연간!AD30+연간!AD31+연간!AD32 -> 11.159668
C45: ② 자금실적 세부 합계 (20~28행) | H45: =SUM(H20:H28) -> 19.106079 | I45: =SUM(I20:I28) -> 18.880929 | J45: =SUM(J20:J28) -> 6.510076 | K45: =SUM(K20:K28) -> 11.410589 | L45: =SUM(L20:L28) -> 15.245221 | M45: =SUM(M20:M28) -> 12.988941 | N45: =SUM(N20:N28) -> 21.60329 | O45: =SUM(O20:O28) -> 11.159668
C46: ③ 판정 | H46: =IF(AND(ABS(H44-H45)<0.0005,ABS(H19-H45)<0.0005),"일치","불일치") -> 일치 | I46: =IF(AND(ABS(I44-I45)<0.0005,ABS(I19-I45)<0.0005),"일치","불일치") -> 일치 | J46: =IF(AND(ABS(J44-J45)<0.0005,ABS(J19-J45)<0.0005),"일치","불일치") -> 일치 | K46: =IF(AND(ABS(K44-K45)<0.0005,ABS(K19-K45)<0.0005),"일치","불일치") -> 일치 | L46: =IF(AND(ABS(L44-L45)<0.0005,ABS(L19-L45)<0.0005),"일치","불일치") -> 일치 | M46: =IF(AND(ABS(M44-M45)<0.0005,ABS(M19-M45)<0.0005),"일치","불일치") -> 일치 | N46: =IF(AND(ABS(N44-N45)<0.0005,ABS(N19-N45)<0.0005),"일치","불일치") -> 일치 | O46: =IF(AND(ABS(O44-O45)<0.0005,ABS(O19-O45)<0.0005),"일치","불일치") -> 일치

Sheet 2024년 자금실적
A1: 2024년 카탈리스터 자금수지 계획
T7: (단위 : 억원)
B8: 구분 | F8: 2024년 | T8: 세부사항 | V8: 12
F9: 실적
F10: 1월 | G10: 2월 | H10: 3월 | I10: 4월 | J10: 5월 | K10: 6월 | L10: 7월 | M10: 8월 | N10: 9월 | O10: 10월 | P10: 11월 | Q10: 12월 | R10: 합계 | S10: 월평균
B11: A. 기초잔고 | F11: 63.31622 | G11: =F42 -> 59.572262 | H11: =G42 -> 55.632615 | I11: =H42 -> 52.025389 | J11: =I42 -> 49.86895 | K11: =J42 -> 47.487173 | L11: =K42 -> 44.849534 | M11: =L42 -> 42.691391 | N11: =M42 -> 40.216278 | ... Q11: =P42 -> 41.474719 | R11: =F11 -> 63.31622 | S11: =R11/$V$8 -> 5.2763516
B12: B. 수입 | F12: =SUM(F13:F15) -> 1.1291932 | G12: =SUM(G13:G15) -> 1.0826697 | H12: =SUM(H13:H15) -> 0.08697903 | I12: =SUM(I13:I15) -> 0.4934403 | J12: =SUM(J13:J15) -> 0.69970268 | K12: =SUM(K13:K15) -> 0.07834543 | L12: =SUM(L13:L15) -> 0.26324811 | M12: =SUM(M13:M15) -> 0.73000393 | ... Q12: =SUM(Q13:Q15) -> 0.01962656 | R12: =SUM(R13,R15) -> 7.9285789 | S12: =R12/$V$8 -> 0.66071491
C13: 경상 | F13: 0 | G13: 0 | H13: 0.08497903 | I13: 0 | J13: 0.52593978 | K13: 0.07834543 | L13: 0 | M13: 0.24609934 | N13: 0.05110594 | O13: 0 | P13: 0.0131553 | Q13: 0.00187989 | R13: =SUM(F13:Q13) -> 1.0015047 | S13: =R13/$V$8 -> 0.083458726 | T13: ○ 이자수익 등
C15: 비경상 | F15: 1.1291932 | G15: 1.0826697 | H15: 0.002 | I15: 0.4934403 | J15: 0.1737629 | K15: 0 | L15: 0.26324811 | M15: 0.48390459 | N15: 0 | O15: 3.2738076 | P15: 0.0073011 | Q15: 0.01774667 | R15: =SUM(F15:Q15) -> 6.9270742 | S15: =R15/$V$8 -> 0.57725618 | T15: ○ 세금 환급, 자산양수도 대금, 재고장비 판매대금, 임차보증금 등
B17: C. 지출 | F17: 4.8731511 | G17: 5.0223167 | H17: 3.6942049 | I17: 2.6498791 | J17: 3.0814799 | K17: 2.7159843 | L17: 2.4213916 | M17: 3.2051166 | N17: 0.93079052 | O17: 0.70239321 | P17: 0.45374505 | Q17: 0.49436436 | R17: =SUM(R18,R31) -> 30.244817 | S17: =R17/$V$8 -> 2.5204014
C18: 경상 | F18: =F17-F31 -> 4.8731511 | G18: =G17-G31 -> 5.0223167 | H18: =H17-H31 -> 3.6942049 | I18: =I17-I31 -> 2.6498791 | J18: =J17-J31 -> 3.0814799 | K18: =K17-K31 -> 2.7159843 | L18: =L17-L31 -> 2.4213916 | M18: =M17-M31 -> 3.2051166 | ... Q18: =Q17-Q31 -> 0.49436436 | R18: =SUM(F18:Q18) -> 30.244817 | S18: =R18/$V$8 -> 2.5204014
D19: 인건비 | F19: 3.2662569 | G19: 2.9470563 | H19: 2.6210456 | I19: 2.0646701 | J19: 2.2587869 | K19: 2.0073859 | L19: 1.6481141 | M19: 2.7222458 | N19: 0.6940003 | O19: 0.5215873 | P19: 0.2787159 | Q19: 0.3087067 | R19: =SUM(F19:Q19) -> 21.338572 | S19: =R19/$V$8 -> 1.7782143
D20: S/W, H/W 매입 | F20: 0.55781 | G20: 0.73816122 | H20: 0.26271666 | I20: 0.01422668 | J20: 0.032362 | K20: 0.0001551 | L20: 0 | M20: 0 | N20: 0 | O20: 0 | P20: 0 | Q20: 0 | R20: =SUM(F20:Q20) -> 1.6054317 | S20: =R20/$V$8 -> 0.13378597
D21: 기타 | F21: =F18-SUM(F19:F20) -> 1.0490842 | G21: =G18-SUM(G19:G20) -> 1.3370992 | H21: =H18-SUM(H19:H20) -> 0.81044265 | I21: =I18-SUM(I19:I20) -> 0.57098227 | J21: =J18-SUM(J19:J20) -> 0.79033096 | K21: =K18-SUM(K19:K20) -> 0.70844332 | L21: =L18-SUM(L19:L20) -> 0.77327746 | M21: =M18-SUM(M19:M20) -> 0.48287075 | ... Q21: =Q18-SUM(Q19:Q20) -> 0.18565766 | R21: =SUM(F21:Q21) -> 7.3008138 | S21: =R21/$V$8 -> 0.60840115
E22: 제세공과금 | F22: 0.3239828 | G22: 0.2826054 | H22: 0.0114448 | I22: 0.0104401 | J22: 0.1974511 | K22: 0.2127493 | L22: 0.2223208 | M22: 0.1101874 | N22: 0.0044286 | O22: 0.00204 | P22: 0.0017268 | Q22: 0.0013977 | R22: =SUM(F22:Q22) -> 1.3807748 | S22: =R22/$V$8 -> 0.11506457
E23: 전산관련지출 | F23: 0.30743842 | G23: 0.29540939 | H23: 0.36853421 | I23: 0.10734752 | J23: 0.13489253 | K23: 0.06032762 | L23: 0.06725353 | M23: 0.07186749 | N23: 0.06827706 | O23: 0.05888823 | P23: 0.05647285 | Q23: 0.0687424 | R23: =SUM(F23:Q23) -> 1.6654513 | S23: =R23/$V$8 -> 0.1387876
E24: 경영, 업무지원, 운영용역비 | F24: 0.40809485 | G24: 0.05773747 | H24: 0.05702264 | I24: 0.17600409 | J24: 0.00588655 | K24: 0.06805248 | L24: 0.19709225 | M24: 0.0156084 | N24: 0.00600901 | O24: 0.04873292 | P24: 0.00076205 | Q24: 0.00076113 | R24: =SUM(F24:Q24) -> 1.0417638 | S24: =R24/$V$8 -> 0.086813653
E25: 복리후생비 | F25: 0.261749 | G25: 0.0113224 | H25: 0.017128 | I25: 0.07274775 | J25: 0.06010185 | K25: 0.016314 | L25: 0.037646 | M25: 0.03347845 | N25: 0.00446 | O25: 0.00229 | P25: 0.00129 | Q25: 0.00099 | R25: =SUM(F25:Q25) -> 0.51951745 | S25: =R25/$V$8 -> 0.043293121 | T25: ○ 동호회비, 건강검진비용, 명절 선물대금 등
E26: 식당, 카페, 매점 등 운영비 | F26: 0.047211 | G26: 0.054689 | H26: 0.03933 | I26: 0.044322 | J26: 0.045241 | K26: 0.039889 | L26: 0.033059 | M26: 0 | N26: 0.005937 | O26: 0.004441 | P26: 0.004417 | Q26: 0.004605 | R26: =SUM(F26:Q26) -> 0.323141 | S26: =R26/$V$8 -> 0.026928417
E27: 직원비용, 복지포인트 사용비 | F27: 0 | G27: 0.27628256 | H27: 0.173889 | I27: 0.04803999 | J27: 0.12702957 | K27: 0.11159577 | L27: 0.09555931 | M27: 0.0295134 | N27: 0.04305699 | O27: 0.03472965 | P27: 0.02624045 | Q27: 0.09400365 | R27: =SUM(F27:Q27) -> 1.0599403 | S27: =R27/$V$8 -> 0.088328362
E28: 임차료, 관리비 | F28: 0.09980094 | G28: 0.10236967 | H28: 0.10485375 | I28: 0.10024982 | J28: 0.09864662 | K28: 0.0973809 | L28: 0.09883438 | M28: 0.10226751 | N28: 0.10074936 | O28: 0.02314601 | P28: 0.01820096 | Q28: 0.00919248 | R28: =SUM(F28:Q28) -> 0.9556924 | S28: =R28/$V$8 -> 0.079641033
E29: 지급수수료 | F29: 0.0148761 | G29: 0 | H29: 0.0313 | I29: 0.0059084 | J29: 0.0853148 | K29: 0.00385 | L29: 0.00891419 | M29: 0 | N29: 0 | O29: 0.00341 | P29: 0 | Q29: 0 | R29: =SUM(F29:Q29) -> 0.15357349 | S29: =R29/$V$8 -> 0.012797791
E30: 통신비등 | F30: 0.0879601 | G30: =G21-SUM(G22:G29) -> 0.2566833 | H30: =H21-SUM(H22:H29) -> 0.00694025 | I30: =I21-SUM(I22:I29) -> 0.0059226 | J30: =J21-SUM(J22:J29) -> 0.03576694 | K30: =K21-SUM(K22:K29) -> 0.09828425 | L30: =L21-SUM(L22:L29) -> 0.012598 | M30: =M21-SUM(M22:M29) -> 0.1199481 | N30: =N21-SUM(N22:N29) -> 0.0038722 | O30: =O21-SUM(O22:O29) -> 0.0031281 | P30: 0.06591904 | Q30: 0.0059653 | R30: =SUM(F30:Q30) -> 0.70298818 | S30: =R30/$V$8 -> 0.058582348
C31: 비경상 | F31: =SUM(F32:F35) -> 0 | G31: =SUM(G32:G35) -> 0 | H31: =SUM(H32:H35) -> 0 | I31: =SUM(I32:I35) -> 0 | J31: =SUM(J32:J35) -> 0 | K31: =SUM(K32:K35) -> 0 | L31: =SUM(L32:L35) -> 0 | M31: =SUM(M32:M35) -> 0 | ... Q31: =SUM(Q32:Q35) -> 0 | R31: =SUM(F31:Q31) -> 0 | S31: =R31/$V$8 -> 0
D32: 지식재산권 양수 | R32: =SUM(F32:Q32) -> 0 | S32: =R32/$V$8 -> 0
D33: 임대보증금 | R33: =SUM(F33:Q33) -> 0 | S33: =R33/$V$8 -> 0
D34: 시설장치 | R34: =SUM(F34:Q34) -> 0 | S34: =R34/$V$8 -> 0
D35: 기타 | R35: =SUM(F35:Q35) -> 0 | S35: =R35/$V$8 -> 0
B36: D. 자금수지차 (=B-C) | F36: =F12-F17 -> -3.743958 | G36: =G12-G17 -> -3.939647 | H36: =H12-H17 -> -3.6072259 | I36: =I12-I17 -> -2.1564387 | J36: =J12-J17 -> -2.3817772 | K36: =K12-K17 -> -2.6376389 | L36: =L12-L17 -> -2.1581435 | M36: =M12-M17 -> -2.4751126 | ... R36: =R12-R17 -> -22.316238 | S36: =R36/$V$8 -> -1.8596865
C37: D-1. 경상수지차 | F37: =F13-F18 -> -4.8731511 | G37: =G13-G18 -> -5.0223167 | H37: =H13-H18 -> -3.6092259 | I37: =I13-I18 -> -2.6498791 | J37: =J13-J18 -> -2.5555401 | K37: =K13-K18 -> -2.6376389 | L37: =L13-L18 -> -2.4213916 | M37: =M13-M18 -> -2.9590172 | ... R37: =R13-R18 -> -29.243313 | S37: =R37/$V$8 -> -2.4369427
B38: E. 자금조달(증자) | R38: =SUM(F38:Q38) -> 0 | S38: =R38/$V$8 -> 0
B42: F. 기말잔고(=A+D+E) | F42: =F11+F36+F38 -> 59.572262 | G42: =G11+G36+G38 -> 55.632615 | H42: =H11+H36+H38 -> 52.025389 | I42: =I11+I36+I38 -> 49.86895 | J42: =J11+J36+J38 -> 47.487173 | K42: =K11+K36+K38 -> 44.849534 | L42: =L11+L36+L38 -> 42.691391 | M42: =M11+M36+M38 -> 40.216278 | ... R42: =R11+R36+R38 -> 40.999981 | S42: =R42/$V$8 -> 3.4166651

Sheet 요약
B2: 1-1. 유동실적
B3: (1) 지출내역 | G3: (2) 수입내역
B4: 구분 | C4: 환종 | D4: 금액 | G4: 구분 | H4: 환종 | I4: 금액 | L4: 계정과목 | M4: 환종 | N4: 금액 | O4: *계정과목별 최대 입/지출항목
B5: {=계정과목별합계('7월데이터'!A4:A94,'7월데이터'!D4:D94,'7월데이터'!F4:F94)} -> 급여 | C5: KRW | D5: 14816477 | G5: {=계정과목별합계('7월데이터'!A4:A94,'7월데이터'!D4:D94,'7월데이터'!E4:E94)} -> 기타 | H5: KRW | I5: 78020 | L5: {=_xlfn.LET( _xlpm.항목범위, '7월데이터'!A4:A493, _xlpm.환종범위, '7월데이터'!D4:D493, _xlpm.원값범위, '7월데이터'!F4:F493, _xlpm.적요범위, '7월데이터'!C4:C493, _xlpm.값, IFERROR(VALUE(_xlpm.원값범위), 0), _xlpm.제외조건, (_xlpm.항목범위="금융상품")+(_xlpm.항목범위="보통예금")+(_xlpm.항목범위="구분"), _xlpm.필터행, _xlfn._xlws.FILTER(_xlfn.HSTACK(_xlpm.항목범위, _xlpm.환종범위, _xlpm.값, _xlpm.적요범위), (_xlpm.값<>0)*(NOT(_xlpm.제외조건))), _xlpm.항목열, INDEX(_xlpm.필터행,,1), _xlpm.환종열, INDEX(_xlpm.필터행,,2), _xlpm.숫자열, INDEX(_xlpm.필터행,,3), _xlpm.적요열, INDEX(_xlpm.필터행,,4), _xlpm.그룹, _xlfn.HSTACK(_xlpm.항목열, _xlpm.환종열), _xlpm.고유그룹, IFERROR(_xlfn.UNIQUE(_xlpm.그룹), {"",""}), _xlpm.항목1, INDEX(_xlpm.고유그룹,,1), _xlpm.환종1, INDEX(_xlpm.고유그룹,,2), _xlpm.합계값, _xlfn.MAP(_xlpm.항목1, _xlpm.환종1, _xlfn.LAMBDA(_xlpm.a,_xlpm.b, _xlfn.LET( _xlpm.해당값들, _xlfn._xlws.FILTER(_xlpm.숫자열, (_xlpm.항목열=_xlpm.a)*(_xlpm.환종열=_xlpm.b)), IFERROR(SUM(_xlpm.해당값들), 0) ) )), _xlpm.대표적요, _xlfn.MAP(_xlpm.항목1, _xlpm.환종1, _xlfn.LAMBDA(_xlpm.a,_xlpm.b, _xlfn.LET( _xlpm.해당값들, _xlfn._xlws.FILTER(_xlpm.숫자열, (_xlpm.항목열=_xlpm.a)*(_xlpm.환종열=_xlpm.b)), _xlpm.해당적요, _xlfn._xlws.FILTER(_xlpm.적요열, (_xlpm.항목열=_xlpm.a)*(_xlpm.환종열=_xlpm.b)), _xlpm.최대값, IFERROR(MAX(_xlpm.해당값들), 0), IFERROR(INDEX(_xlpm.해당적요, _xlfn.XMATCH(_xlpm.최대값, _xlpm.해당값들)), "") ) )), _xlpm.결과, _xlfn.HSTACK(_xlpm.항목1, _xlpm.환종1, _xlpm.합계값, _xlpm.대표적요), _xlfn._xlws.SORT(_xlpm.결과, 3, -1) )} -> 급여 | M5: KRW | N5: 14816477 | O5: 260724임직원 급여-카탈리스터(7/24)
B6: 직원비용 | C6: KRW | D6: 8717161 | G6: 외상매출금 | H6: KRW | I6: 56328 | L6: 직원비용 | M6: KRW | N6: 8717161 | O6: 260720직원경비(7/20)
B7: 원천세 | C7: KRW | D7: 3920240 | L7: 원천세 | M7: KRW | N7: 3920240 | O7: 2026년 6월 근로소득세 원천징수(7/9)
B8: 부가가치세 | C8: KRW | D8: 3659350 | L8: 부가가치세 | M8: KRW | N8: 3659350 | O8: 26년 1기 확정 부가가치세 납부(7/27)
B9: 경영지원용역비 | C9: KRW | D9: 3309631 | L9: 경영지원용역비 | M9: KRW | N9: 3309631 | O9: 회계 등 경영부문 용역료 지급
B10: 4대보험 | C10: KRW | D10: 2924670 | L10: 4대보험 | M10: KRW | N10: 2924670 | O10: 건강보험료(7/10)
B11: 퇴직연금 | C11: KRW | D11: 1928480 | L11: 퇴직연금 | M11: KRW | N11: 1928480 | O11: 임직원 퇴직연금_기업은행
B12: 지급임차료 | C12: KRW | D12: 919248 | L12: 지급임차료 | M12: KRW | N12: 919248 | O12: BYC 하이시티 B동 24층 월정임차료
B13: 전산관련지출 | C13: KRW | D13: 685391 | L13: 전산관련지출 | M13: KRW | N13: 685391 | O13: [확정] 구글 클라우드 플랫폼 EDP 이용료
B14: 기타 | C14: KRW | D14: 236022 | L14: 기타 | M14: KRW | N14: 236022 | O14: 법인카드데이타 연동서비스
B15: 복리후생비 | C15: KRW | D15: 156247 | L15: 복리후생비 | M15: KRW | N15: 156247 | O15: 사내식당 임직원 식대
B19: 1-2. 운용실적
B20: (1)지출내역 | G20: (2)수입내역
B21: 구분 | C21: 적요 | D21: 환종 | E21: 금액 | G21: 구분 | H21: 적요 | I21: 환종 | J21: 금액
B22: {=IFERROR(_xlfn.LET( _xlpm.항목범위, '7월데이터'!A4:A489, _xlpm.적요범위, '7월데이터'!C4:C489, _xlpm.환종범위, '7월데이터'!D4:D489, _xlpm.원값범위, '7월데이터'!F4:F489, _xlpm.값, IFERROR(VALUE(_xlpm.원값범위), 0), _xlpm.필터행, _xlfn._xlws.FILTER(_xlfn.HSTACK(_xlpm.항목범위, _xlpm.적요범위, _xlpm.환종범위, _xlpm.값), (_xlpm.항목범위="금융상품")*(_xlpm.값<>0)), _xlpm.항목열, INDEX(_xlpm.필터행,,1), _xlpm.적요열, INDEX(_xlpm.필터행,,2), _xlpm.환종열, INDEX(_xlpm.필터행,,3), _xlpm.숫자열, INDEX(_xlpm.필터행,,4), _xlpm.고유그룹, _xlfn.UNIQUE(_xlfn.HSTACK(_xlpm.항목열, _xlpm.적요열, _xlpm.환종열)), _xlpm.최대값, _xlfn.BYROW(_xlpm.고유그룹, _xlfn.LAMBDA(_xlpm.행, _xlfn.LET( _xlpm.항, INDEX(_xlpm.행,,1), _xlpm.적, INDEX(_xlpm.행,,2), _xlpm.환, INDEX(_xlpm.행,,3), _xlpm.대상값들, _xlfn._xlws.FILTER(_xlpm.숫자열, (_xlpm.항목열=_xlpm.항)*(_xlpm.적요열=_xlpm.적)*(_xlpm.환종열=_xlpm.환)), IFERROR(MAX(_xlpm.대상값들), 0) ) )), _xlpm.결과, _xlfn.HSTACK(_xlpm.고유그룹, _xlpm.최대값), _xlfn._xlws.SORT(_xlpm.결과, 4, -1) ),"항목없음")} -> 항목없음 | G22: {=IFERROR(_xlfn.LET( _xlpm.항목범위, '7월데이터'!A4:A489, _xlpm.적요범위, '7월데이터'!C4:C489, _xlpm.환종범위, '7월데이터'!D4:D489, _xlpm.원값범위, '7월데이터'!E4:E489, _xlpm.값, IFERROR(VALUE(_xlpm.원값범위), 0), _xlpm.필터행, _xlfn._xlws.FILTER(_xlfn.HSTACK(_xlpm.항목범위, _xlpm.적요범위, _xlpm.환종범위, _xlpm.값), (_xlpm.항목범위="금융상품")*(_xlpm.값<>0)), _xlpm.항목열, INDEX(_xlpm.필터행,,1), _xlpm.적요열, INDEX(_xlpm.필터행,,2), _xlpm.환종열, INDEX(_xlpm.필터행,,3), _xlpm.숫자열, INDEX(_xlpm.필터행,,4), _xlpm.고유그룹, _xlfn.UNIQUE(_xlfn.HSTACK(_xlpm.항목열, _xlpm.적요열, _xlpm.환종열)), _xlpm.최대값, _xlfn.BYROW(_xlpm.고유그룹, _xlfn.LAMBDA(_xlpm.행, _xlfn.LET( _xlpm.항, INDEX(_xlpm.행,,1), _xlpm.적, INDEX(_xlpm.행,,2), _xlpm.환, INDEX(_xlpm.행,,3), _xlpm.대상값들, _xlfn._xlws.FILTER(_xlpm.숫자열, (_xlpm.항목열=_xlpm.항)*(_xlpm.적요열=_xlpm.적)*(_xlpm.환종열=_xlpm.환)), IFERROR(MAX(_xlpm.대상값들), 0) ) )), _xlpm.결과, _xlfn.HSTACK(_xlpm.고유그룹, _xlpm.최대값), _xlfn._xlws.SORT(_xlpm.결과, 4, -1) ),"항목없음")} -> 항목없음
B26: 2-1. 유동계획
B27: (1)지출내역 | G27: (2)수입내역 | L27: 계정과목 | M27: 환종 | N27: 금액 | O27: *계정과목별 최대 입/지출항목
B28: 구분 | C28: 환종 | D28: 금액 | G28: 구분 | H28: 환종 | I28: 금액 | L28: {=_xlfn.LET( _xlpm.항목범위, '8월데이터'!A4:A500, _xlpm.환종범위, '8월데이터'!D4:D500, _xlpm.원값범위, '8월데이터'!F4:F500, _xlpm.적요범위, '8월데이터'!C4:C500, _xlpm.값, IFERROR(VALUE(_xlpm.원값범위), 0), _xlpm.제외조건, (_xlpm.항목범위="금융상품")+(_xlpm.항목범위="보통예금")+(_xlpm.항목범위="구분"), _xlpm.필터행, _xlfn._xlws.FILTER(_xlfn.HSTACK(_xlpm.항목범위, _xlpm.환종범위, _xlpm.값, _xlpm.적요범위), (_xlpm.값<>0)*(NOT(_xlpm.제외조건))), _xlpm.항목열, INDEX(_xlpm.필터행,,1), _xlpm.환종열, INDEX(_xlpm.필터행,,2), _xlpm.숫자열, INDEX(_xlpm.필터행,,3), _xlpm.적요열, INDEX(_xlpm.필터행,,4), _xlpm.그룹, _xlfn.HSTACK(_xlpm.항목열, _xlpm.환종열), _xlpm.고유그룹, IFERROR(_xlfn.UNIQUE(_xlpm.그룹), {"",""}), _xlpm.항목1, INDEX(_xlpm.고유그룹,,1), _xlpm.환종1, INDEX(_xlpm.고유그룹,,2), _xlpm.합계값, _xlfn.MAP(_xlpm.항목1, _xlpm.환종1, _xlfn.LAMBDA(_xlpm.a,_xlpm.b, _xlfn.LET( _xlpm.해당값들, _xlfn._xlws.FILTER(_xlpm.숫자열, (_xlpm.항목열=_xlpm.a)*(_xlpm.환종열=_xlpm.b)), IFERROR(SUM(_xlpm.해당값들), 0) ) )), _xlpm.대표적요, _xlfn.MAP(_xlpm.항목1, _xlpm.환종1, _xlfn.LAMBDA(_xlpm.a,_xlpm.b, _xlfn.LET( _xlpm.해당값들, _xlfn._xlws.FILTER(_xlpm.숫자열, (_xlpm.항목열=_xlpm.a)*(_xlpm.환종열=_xlpm.b)), _xlpm.해당적요, _xlfn._xlws.FILTER(_xlpm.적요열, (_xlpm.항목열=_xlpm.a)*(_xlpm.환종열=_xlpm.b)), _xlpm.최대값, IFERROR(MAX(_xlpm.해당값들), 0), IFERROR(INDEX(_xlpm.해당적요, _xlfn.XMATCH(_xlpm.최대값, _xlpm.해당값들)), "") ) )), _xlpm.결과, _xlfn.HSTACK(_xlpm.항목1, _xlpm.환종1, _xlpm.합계값, _xlpm.대표적요), _xlfn._xlws.SORT(_xlpm.결과, 3, -1) )} -> 급여 | M28: KRW | N28: 15000000 | O28: 급여/잔여연차수당/연말정산세액/퇴직위로금
B29: {=계정과목별합계('8월데이터'!A4:A114,'8월데이터'!D4:D114,'8월데이터'!F4:F114)} -> 급여 | C29: KRW | D29: 15000000 | G29: {=계정과목별합계('8월데이터'!A4:A114,'8월데이터'!D4:D114,'8월데이터'!E4:E114)} -> 외상매출금 | H29: KRW | I29: 56328 | L29: 직원비용 | M29: KRW | N29: 4028322 | O29: 직원경비 및 삼성카드 대금
B30: 직원비용 | C30: KRW | D30: 4028322 | L30: 원천세 | M30: KRW | N30: 3920240 | O30: 근로소득세/지방소득세/종업원할사업소세
B31: 원천세 | C31: KRW | D31: 3920240 | L31: 4대보험 | M31: KRW | N31: 3003990 | O31: 건강보험료
B32: 4대보험 | C32: KRW | D32: 3003990 | L32: 퇴직연금 | M32: KRW | N32: 1928480 | O32: 퇴직연금
B33: 퇴직연금 | C33: KRW | D33: 1928480 | L33: 지급임차료 | M33: KRW | N33: 919248 | O33: 월정임차료 및 관리비
B34: 지급임차료 | C34: KRW | D34: 919248 | L34: 전산관련지출 | M34: KRW | N34: 685025 | O34: 구글 클라우드 플랫폼 EDP 계약
B35: 전산관련지출 | C35: KRW | D35: 685025 | L35: 지급수수료 | M35: KRW | N35: 476281 | O35: 퇴직연금 관리 수수료 납입의 건(기업은행)
B36: 지급수수료 | C36: KRW | D36: 476281 | L36: 기타 | M36: KRW | N36: 452207 | O36: 경조업체
B37: 기타 | C37: KRW | D37: 452207 | L37: 기타제세공과금 | M37: KRW | N37: 250000 | O37: 사업소분 주민세 납부
B38: 기타제세공과금 | C38: KRW | D38: 250000 | L38: 식당운영비 | M38: KRW | N38: 229700 | O38: 사내식당 이용 금액
B39: 식당운영비 | C39: KRW | D39: 229700 | L39: 복리후생비 | M39: KRW | N39: 154956 | O39: 임원 세차
B40: 복리후생비 | C40: KRW | D40: 154956 | L40: 경영지원용역비 | M40: KRW | N40: 43689 | O40: 인사 용역료
B41: 경영지원용역비 | C41: KRW | D41: 43689
B42: 2-2. 운용계획
B43: (1)지출내역 | G43: (2)수입내역
B44: 구분 | C44: 적요 | D44: 환종 | E44: 금액 | G44: 구분 | H44: 적요 | I44: 환종 | J44: 금액
B45: {=IFERROR(_xlfn.LET( _xlpm.항목범위, '8월데이터'!A4:A532, _xlpm.적요범위, '8월데이터'!C4:C532, _xlpm.환종범위, '8월데이터'!D4:D532, _xlpm.원값범위, '8월데이터'!F4:F532, _xlpm.값, IFERROR(VALUE(_xlpm.원값범위), 0), _xlpm.필터행, _xlfn._xlws.FILTER(_xlfn.HSTACK(_xlpm.항목범위, _xlpm.적요범위, _xlpm.환종범위, _xlpm.값), (_xlpm.항목범위="금융상품")*(_xlpm.값<>0)), _xlpm.항목열, INDEX(_xlpm.필터행,,1), _xlpm.적요열, INDEX(_xlpm.필터행,,2), _xlpm.환종열, INDEX(_xlpm.필터행,,3), _xlpm.숫자열, INDEX(_xlpm.필터행,,4), _xlpm.고유그룹, _xlfn.UNIQUE(_xlfn.HSTACK(_xlpm.항목열, _xlpm.적요열, _xlpm.환종열)), _xlpm.최대값, _xlfn.BYROW(_xlpm.고유그룹, _xlfn.LAMBDA(_xlpm.행, _xlfn.LET( _xlpm.항, INDEX(_xlpm.행,,1), _xlpm.적, INDEX(_xlpm.행,,2), _xlpm.환, INDEX(_xlpm.행,,3), _xlpm.대상값들, _xlfn._xlws.FILTER(_xlpm.숫자열, (_xlpm.항목열=_xlpm.항)*(_xlpm.적요열=_xlpm.적)*(_xlpm.환종열=_xlpm.환)), IFERROR(MAX(_xlpm.대상값들), 0) ) )), _xlpm.결과, _xlfn.HSTACK(_xlpm.고유그룹, _xlpm.최대값), _xlfn._xlws.SORT(_xlpm.결과, 4, -1) ),"항목 없음")} -> 항목 없음 | G45: {=IFERROR(_xlfn.LET( _xlpm.항목범위, '8월데이터'!A4:A532, _xlpm.적요범위, '8월데이터'!C4:C532, _xlpm.환종범위, '8월데이터'!D4:D532, _xlpm.원값범위, '8월데이터'!E4:E532, _xlpm.값, IFERROR(VALUE(_xlpm.원값범위), 0), _xlpm.필터행, _xlfn._xlws.FILTER(_xlfn.HSTACK(_xlpm.항목범위, _xlpm.적요범위, _xlpm.환종범위, _xlpm.값), (_xlpm.항목범위="금융상품")*(_xlpm.값<>0)), _xlpm.항목열, INDEX(_xlpm.필터행,,1), _xlpm.적요열, INDEX(_xlpm.필터행,,2), _xlpm.환종열, INDEX(_xlpm.필터행,,3), _xlpm.숫자열, INDEX(_xlpm.필터행,,4), _xlpm.고유그룹, _xlfn.UNIQUE(_xlfn.HSTACK(_xlpm.항목열, _xlpm.적요열, _xlpm.환종열)), _xlpm.최대값, _xlfn.BYROW(_xlpm.고유그룹, _xlfn.LAMBDA(_xlpm.행, _xlfn.LET( _xlpm.항, INDEX(_xlpm.행,,1), _xlpm.적, INDEX(_xlpm.행,,2), _xlpm.환, INDEX(_xlpm.행,,3), _xlpm.대상값들, _xlfn._xlws.FILTER(_xlpm.숫자열, (_xlpm.항목열=_xlpm.항)*(_xlpm.적요열=_xlpm.적)*(_xlpm.환종열=_xlpm.환)), IFERROR(MAX(_xlpm.대상값들), 0) ) )), _xlpm.결과, _xlfn.HSTACK(_xlpm.고유그룹, _xlpm.최대값), _xlfn._xlws.SORT(_xlpm.결과, 4, -1) ),"항목 없음")} -> 항목 없음

Sheet 카탈리스터-연결(미법포함)
E1: 인원실적/계획 | F1: 43 | G1: 52 | H1: 61 | I1: 72 | J1: 78 | K1: 95 | L1: 105 | M1: 129 | N1: 133 | O1: 135 | S1: 142 | T1: 150 | U1: 150 | V1: 150
B2: ■ 카탈리스터 PL (2022/04) | F2: 33 | G2: =G1-F1 -> 9 | H2: =H1-G1 -> 9 | I2: =I1-H1 -> 11 | J2: =J1-I1 -> 6 | K2: =K1-J1 -> 17 | L2: =L1-K1 -> 10 | M2: =M1-L1 -> 24 | N2: =N1-M1 -> 4 | O2: =O1-N1 -> 2 | S2: =S1-O1 -> 7 | T2: =T1-S1 -> 8 | AG2: =SUM(AG5:AI5) -> 1085916 | AJ2: =SUM(AJ5:AL5) -> 1085916 | AM2: =SUM(AM5:AO5) -> 11085916 | AP2: =SUM(AP5:AR5) -> 12617145
D3: [추정]>> | W3: 실적 고려 약 1억씩 추가 반영
D4: 44592 | E4: =EOMONTH(D4,1) -> 44620 | F4: =EOMONTH(E4,1) -> 44651 | G4: =EOMONTH(F4,1) -> 44681 | H4: =EOMONTH(G4,1) -> 44712 | I4: =EOMONTH(H4,1) -> 44742 | J4: =EOMONTH(I4,1) -> 44773 | K4: =EOMONTH(J4,1) -> 44804 | L4: =EOMONTH(K4,1) -> 44834 | ... O4: =EOMONTH(N4,1) -> 44926 | P4: 2022년 | Q4: 비고 | S4: =EOMONTH(O4,1) -> 44957 | T4: =EOMONTH(S4,1) -> 44985 | U4: =EOMONTH(T4,1) -> 45016 | V4: =EOMONTH(U4,1) -> 45046 | W4: =EOMONTH(V4,1) -> 45077 | X4: =EOMONTH(W4,1) -> 45107 | Y4: =EOMONTH(X4,1) -> 45138 | Z4: =EOMONTH(Y4,1) -> 45169 | AA4: =EOMONTH(Z4,1) -> 45199 | ... AD4: =EOMONTH(AC4,1) -> 45291 | AE4: 2023년 | AF4: 비고 | AG4: =EOMONTH(AD4,1) -> 45322 | AH4: =EOMONTH(AG4,1) -> 45351 | AI4: =EOMONTH(AH4,1) -> 45382 | AJ4: =EOMONTH(AI4,1) -> 45412 | AK4: =EOMONTH(AJ4,1) -> 45443 | AL4: =EOMONTH(AK4,1) -> 45473 | AM4: =EOMONTH(AL4,1) -> 45504 | AN4: =EOMONTH(AM4,1) -> 45535 | AO4: =EOMONTH(AN4,1) -> 45565 | ... AR4: =EOMONTH(AQ4,1) -> 45657 | AS4: 2024년 | AT4: 비고 | AU4: 45658 | AV4: =EOMONTH(AU4,1) -> 45716 | AW4: =EOMONTH(AV4,1) -> 45747 | AX4: =EOMONTH(AW4,1) -> 45777 | AY4: =EOMONTH(AX4,1) -> 45808 | AZ4: =EOMONTH(AY4,1) -> 45838 | BA4: =EOMONTH(AZ4,1) -> 45869 | BB4: =EOMONTH(BA4,1) -> 45900 | BC4: =EOMONTH(BB4,1) -> 45930 | ... BF4: =EOMONTH(BE4,1) -> 46022 | BG4: 2025년 | BI4: 46023 | BJ4: =EOMONTH(BI4,1) -> 46081 | BK4: =EOMONTH(BJ4,1) -> 46112 | BL4: =EOMONTH(BK4,1) -> 46142 | BM4: =EOMONTH(BL4,1) -> 46173 | BN4: =EOMONTH(BM4,1) -> 46203 | BO4: =EOMONTH(BN4,1) -> 46234 | BP4: =EOMONTH(BO4,1) -> 46265 | BQ4: =EOMONTH(BP4,1) -> 46295 | ... BT4: =EOMONTH(BS4,1) -> 46387 | BU4: 2026년
B5: Ⅰ. 영업수익 | D5: =SUM(D6:D13) -> 0 | E5: =SUM(E6:E13) -> 0 | F5: =SUM(F6:F13) -> 0 | G5: =SUM(G6:G13) -> 0 | H5: =SUM(H6:H13) -> 0 | I5: =SUM(I6:I13) -> 0 | J5: =SUM(J6:J13) -> 0 | K5: =SUM(K6:K13) -> 0 | ... O5: =SUM(O6:O13) -> 176105556 | P5: =SUM(D5:O5) -> 176105556 | S5: =SUM(S6:S13) -> 35221112 | T5: =SUM(T6:T13) -> 35221112 | U5: =SUM(U6:U13) -> 35221112 | V5: =SUM(V6:V13) -> 35221112 | W5: =SUM(W6:W13) -> 35221112 | X5: =SUM(X6:X13) -> 37716962 | Y5: =SUM(Y6:Y13) -> 35221112 | Z5: =SUM(Z6:Z13) -> 36252107 | ... AD5: =SUM(AD6:AD13) -> 361972 | AE5: =SUM(S5:AD5) -> 7870509 | AG5: =SUM(AG6:AG13) -> 361972 | AH5: =SUM(AH6:AH13) -> 361972 | AI5: =SUM(AI6:AI13) -> 361972 | AJ5: =SUM(AJ6:AJ13) -> 361972 | AK5: =SUM(AK6:AK13) -> 361972 | AL5: =SUM(AL6:AL13) -> 361972 | AM5: =SUM(AM6:AM13) -> 361972 | AN5: =SUM(AN6:AN13) -> 361972 | ... AR5: =SUM(AR6:AR13) -> 9893201 | AS5: =SUM(AG5:AR5) -> 25874893 | AU5: =SUM(AU6:AU13) -> 361972 | AV5: =SUM(AV6:AV13) -> 1315875 | AW5: =SUM(AW6:AW13) -> 1093665 | AX5: =SUM(AX6:AX13) -> 743770 | AY5: =SUM(AY6:AY13) -> 754704 | AZ5: =SUM(AZ6:AZ13) -> 684095 | BA5: =SUM(BA6:BA13) -> 701006 | BB5: =SUM(BB6:BB13) -> 361080 | ... BF5: =SUM(BF6:BF13) -> 732324.5 | BG5: =SUM(AU5:BF5) -> 7830472.5 | BI5: =SUM(BI6:BI13) -> 6730458 | BJ5: =SUM(BJ6:BJ13) -> 6730458 | BK5: =SUM(BK6:BK13) -> 6730458 | BL5: =SUM(BL6:BL13) -> 6730458 | BM5: =SUM(BM6:BM13) -> 6730458 | BN5: =SUM(BN6:BN13) -> 6730458 | BO5: =SUM(BO6:BO13) -> 6730458 | BP5: =SUM(BP6:BP13) -> 6730458 | ... BT5: =SUM(BT6:BT13) -> 6730458 | BU5: =SUM(BI5:BT5) -> 80765496
B6: 컨텐츠제공수익 | M6: 0 | P6: =SUM(D6:O6) -> 0 | AE6: =SUM(S6:AD6) -> 0 | AO6: 10000000 | AP6: 2000000 | AS6: =SUM(AG6:AR6) -> 12000000 | BG6: =SUM(AU6:BF6) -> 0 | BU6: =SUM(BI6:BT6) -> 0
M7: 0 | P7: =SUM(D7:O7) -> 0 | AE7: =SUM(S7:AD7) -> 0 | AS7: =SUM(AG7:AR7) -> 0 | BG7: =SUM(AU7:BF7) -> 0 | BU7: =SUM(BI7:BT7) -> 0
M8: 0 | P8: =SUM(D8:O8) -> 0 | AE8: =SUM(S8:AD8) -> 0 | AS8: =SUM(AG8:AR8) -> 0 | BG8: =SUM(AU8:BF8) -> 0 | BU8: =SUM(BI8:BT8) -> 0
M9: 0 | P9: =SUM(D9:O9) -> 0 | AE9: =SUM(S9:AD9) -> 0 | AS9: =SUM(AG9:AR9) -> 0 | BG9: =SUM(AU9:BF9) -> 0 | BU9: =SUM(BI9:BT9) -> 0
M10: 0 | P10: =SUM(D10:O10) -> 0 | AE10: =SUM(S10:AD10) -> 0 | AS10: =SUM(AG10:AR10) -> 0 | BG10: =SUM(AU10:BF10) -> 0 | BU10: =SUM(BI10:BT10) -> 0
M11: 0 | P11: =SUM(D11:O11) -> 0 | AE11: =SUM(S11:AD11) -> 0 | AS11: =SUM(AG11:AR11) -> 0 | BG11: =SUM(AU11:BF11) -> 0 | BU11: =SUM(BI11:BT11) -> 0
B12: 용역수익 | M12: 0 | O12: 176105556 | P12: =SUM(D12:O12) -> 176105556 | S12: 35221112 | T12: 35221112 | U12: 35221112 | V12: 35221112 | W12: 35221112 | X12: 37716962 | Y12: 35221112 | Z12: 36252107 | AA12: -278511148 | AB12: 361972 | AC12: 361972 | AD12: 361972 | AE12: =SUM(S12:AD12) -> 7870509 | AF12: XPLA 매출(매출 인식 관련하여 카탈리스터는 아직 협의 미완료); 22년말 컴투스와 동일하게 인식하였기 때문에 매출 동일 발생으로 처리 | AG12: 361972 | AH12: 361972 | AI12: =$AB12 -> 361972 | AJ12: =$AB12 -> 361972 | AK12: 361972 | AL12: =$AB12 -> 361972 | AM12: =$AB12 -> 361972 | AN12: =$AB12 -> 361972 | AO12: =$AB12 -> 361972 | AP12: 361972 | AQ12: =$AB12 -> 361972 | AR12: 9893201 | AS12: =SUM(AG12:AR12) -> 13874893 | AU12: 361972 | AV12: 1315875 | AW12: 1093665 | AX12: 743770 | AY12: 754704 | AZ12: 684095 | BA12: 701006 | BB12: 361080 | BC12: 359829 | BD12: 351799 | BE12: =7098148-SUM(AU12:BD12) -> 370353 | BF12: =361972+740705/2 -> 732324.5 | BG12: =SUM(AU12:BF12) -> 7830472.5 | BI12: =180986+361972+55000*1350/12 -> 6730458 | BJ12: =542958+55000*1350/12 -> 6730458 | BK12: =542958+55000*1350/12 -> 6730458 | BL12: =542958+55000*1350/12 -> 6730458 | BM12: =542958+55000*1350/12 -> 6730458 | BN12: =542958+55000*1350/12 -> 6730458 | BO12: =542958+55000*1350/12 -> 6730458 | BP12: =542958+55000*1350/12 -> 6730458 | BQ12: =542958+55000*1350/12 -> 6730458 | ... BT12: =542958+55000*1350/12 -> 6730458 | BU12: =SUM(BI12:BT12) -> 80765496
B13: 임대료수익 | M13: 0 | P13: =SUM(D13:O13) -> 0 | AE13: =SUM(S13:AD13) -> 0 | AS13: =SUM(AG13:AR13) -> 0 | BG13: =SUM(AU13:BF13) -> 0 | BU13: =SUM(BI13:BT13) -> 0
B14: Ⅱ. 영업비용 | P14: =SUM(D14:O14) -> 0 | S14: =SUM(S15:S47) -> 1205306305 | T14: =SUM(T15:T47) -> 1213900703 | U14: =SUM(U15:U47) -> 1461529501 | V14: =SUM(V15:V47) -> 1489040174 | W14: =SUM(W15:W47) -> 1473063821 | X14: =SUM(X15:X47) -> 1692606285 | Y14: =SUM(Y15:Y47) -> 1452799796 | Z14: =SUM(Z15:Z47) -> 1538812482 | ... AD14: =SUM(AD15:AD47) -> 398816015 | AE14: =SUM(S14:AD14) -> 15654115266 | AG14: =SUM(AG15:AG47) -> 441110145 | AH14: =SUM(AH15:AH47) -> 390276702 | AI14: =SUM(AI15:AI47) -> 334070696 | AJ14: =SUM(AJ15:AJ47) -> 348216115 | AK14: =SUM(AK15:AK47) -> 331878420 | AL14: =SUM(AL15:AL47) -> 310811158 | AM14: =SUM(AM15:AM47) -> 196282937 | AN14: =SUM(AN15:AN47) -> 262849186 | ... AR14: =SUM(AR15:AR47) -> 76517749 | AS14: =SUM(AG14:AR14) -> 2947575866 | AU14: =SUM(AU15:AU47) -> 69757688 | AV14: =SUM(AV15:AV47) -> 67088772 | AW14: =SUM(AW15:AW47) -> 70907612 | AX14: =SUM(AX15:AX47) -> 70645766 | AY14: =SUM(AY15:AY47) -> 65035514 | AZ14: =SUM(AZ15:AZ47) -> 74552824 | BA14: =SUM(BA15:BA47) -> 62701433 | BB14: =SUM(BB15:BB47) -> 63174362 | ... BF14: =SUM(BF15:BF47) -> 64045752 | BG14: =SUM(AU14:BF14) -> 8.0488734e+08 | BI14: =SUM(BI15:BI47) -> 65693508 | BJ14: =SUM(BJ15:BJ47) -> 64307374 | BK14: =SUM(BK15:BK47) -> 66511590 | BL14: =SUM(BL15:BL47) -> 64027590 | BM14: =SUM(BM15:BM47) -> 63828590 | BN14: =SUM(BN15:BN47) -> 53802505 | BO14: =SUM(BO15:BO47) -> 50652505 | BP14: =SUM(BP15:BP47) -> 50652505 | ... BT14: =SUM(BT15:BT47) -> 52405005 | BU14: =SUM(BI14:BT14) -> 6.8709869e+08
B15: 급여 | P15: =SUM(D15:O15) -> 0 | S15: =SUM(S54,S88) -> 807151203 | T15: =SUM(T54,T88) -> 844084225 | U15: =SUM(U54,U88) -> 900260444 | V15: =SUM(V54,V88) -> 913235653 | W15: =SUM(W54,W88) -> 934580783 | X15: =SUM(X54,X88) -> 917800682 | Y15: =SUM(Y54,Y88) -> 893783361 | Z15: =SUM(Z54,Z88) -> 962134146 | ... AD15: =SUM(AD54,AD88) -> 119459980 | AE15: =SUM(S15:AD15) -> 9085413325 | AG15: =SUM(AG54,AG88) -> 219862894 | AH15: =SUM(AH54,AH88) -> 213054394 | AI15: =SUM(AI54,AI88) -> 164561255 | AJ15: =SUM(AJ54,AJ88) -> 208362412 | AK15: =SUM(AK54,AK88) -> 191040112 | AL15: =SUM(AL54,AL88) -> 185722901 | AM15: =SUM(AM54,AM88) -> 132666072 | AN15: =SUM(AN54,AN88) -> 90461526 | ... AR15: =SUM(AR54,AR88) -> 25322871 | AS15: =SUM(AG15:AR15) -> 1489955429 | AU15: =SUM(AU54,AU88) -> 27757536 | AV15: =SUM(AV54,AV88) -> 27470626 | AW15: =SUM(AW54,AW88) -> 28531639 | AX15: =SUM(AX54,AX88) -> 29073306 | AY15: =SUM(AY54,AY88) -> 29073306 | AZ15: =SUM(AZ54,AZ88) -> 29015359 | BA15: =SUM(BA54,BA88) -> 28473306 | BB15: =SUM(BB54,BB88) -> 28473306 | ... BF15: =SUM(BF54,BF88) -> 28473306 | BG15: =SUM(AU15:BF15) -> 342370130 | BI15: =SUM(BI54,BI88) -> 29042772 | BJ15: =SUM(BJ54,BJ88) -> 29042772 | BK15: =SUM(BK54,BK88) -> 29042772 | BL15: =SUM(BL54,BL88) -> 29042772 | BM15: =SUM(BM54,BM88) -> 29042772 | BN15: =SUM(BN54,BN88) -> 29042772 | BO15: =SUM(BO54,BO88) -> 29042772 | BP15: =SUM(BP54,BP88) -> 29042772 | ... BT15: =SUM(BT54,BT88) -> 29042772 | BU15: =SUM(BI15:BT15) -> 3.4851327e+08
B16: 상여 | P16: =SUM(D16:O16) -> 0 | S16: =SUM(S55,S89) -> 0 | T16: =SUM(T55,T89) -> 0 | U16: =SUM(U55,U89) -> 0 | V16: =SUM(V55,V89) -> 0 | W16: =SUM(W55,W89) -> 0 | X16: =SUM(X55,X89) -> 0 | Y16: =SUM(Y55,Y89) -> 0 | Z16: =SUM(Z55,Z89) -> 0 | ... AD16: =SUM(AD55,AD89) -> 0 | AE16: =SUM(S16:AD16) -> 0 | AG16: =SUM(AG55,AG89) -> 0 | AH16: =SUM(AH55,AH89) -> 0 | AI16: =SUM(AI55,AI89) -> 0 | AJ16: =SUM(AJ55,AJ89) -> 0 | AK16: =SUM(AK55,AK89) -> 0 | AL16: =SUM(AL55,AL89) -> 0 | AM16: =SUM(AM55,AM89) -> 0 | AN16: =SUM(AN55,AN89) -> 0 | ... AR16: =SUM(AR55,AR89) -> 0 | AS16: =SUM(AG16:AR16) -> 0 | AU16: =SUM(AU55,AU89) -> 0 | AV16: =SUM(AV55,AV89) -> 0 | AW16: =SUM(AW55,AW89) -> 0 | AX16: =SUM(AX55,AX89) -> 0 | AY16: =SUM(AY55,AY89) -> 0 | AZ16: =SUM(AZ55,AZ89) -> 0 | BA16: =SUM(BA55,BA89) -> 0 | BB16: =SUM(BB55,BB89) -> 0 | ... BF16: =SUM(BF55,BF89) -> 0 | BG16: =SUM(AU16:BF16) -> 0 | BI16: =SUM(BI55,BI89) -> 0 | BJ16: =SUM(BJ55,BJ89) -> 0 | BK16: =SUM(BK55,BK89) -> 0 | BL16: =SUM(BL55,BL89) -> 0 | BM16: =SUM(BM55,BM89) -> 0 | BN16: =SUM(BN55,BN89) -> 0 | BO16: =SUM(BO55,BO89) -> 0 | BP16: =SUM(BP55,BP89) -> 0 | ... BT16: =SUM(BT55,BT89) -> 0 | BU16: =SUM(BI16:BT16) -> 0
B17: 퇴직급여 | P17: =SUM(D17:O17) -> 0 | S17: =SUM(S56,S90) -> 35383580 | T17: =SUM(T56,T90) -> 27860440 | U17: =SUM(U56,U90) -> 86588270 | V17: =SUM(V56,V90) -> 65335430 | W17: =SUM(W56,W90) -> 48966070 | X17: =SUM(X56,X90) -> 93854360 | Y17: =SUM(Y56,Y90) -> 61564360 | Z17: =SUM(Z56,Z90) -> 7500000 | ... AD17: =SUM(AD56,AD90) -> 80089500 | AE17: =SUM(S17:AD17) -> 1698682850 | AG17: =SUM(AG56,AG90) -> 20619210 | AH17: =SUM(AH56,AH90) -> 22833750 | AI17: =SUM(AI56,AI90) -> 60122180 | AJ17: =SUM(AJ56,AJ90) -> 16649880 | AK17: =SUM(AK56,AK90) -> 15578010 | AL17: =SUM(AL56,AL90) -> 15059750 | AM17: =SUM(AM56,AM90) -> 37850790 | AN17: =SUM(AN56,AN90) -> 160390150 | ... AR17: =SUM(AR56,AR90) -> 2805600 | AS17: =SUM(AG17:AR17) -> 411564520 | AU17: =SUM(AU56,AU90) -> 2486120 | AV17: =SUM(AV56,AV90) -> 2486120 | AW17: =SUM(AW56,AW90) -> 2598620 | AX17: =SUM(AX56,AX90) -> 2598620 | AY17: =SUM(AY56,AY90) -> 2598620 | AZ17: =SUM(AZ56,AZ90) -> 2598620 | BA17: =SUM(BA56,BA90) -> 2598620 | BB17: =SUM(BB56,BB90) -> 2598620 | ... BF17: =SUM(BF56,BF90) -> 2598620 | BG17: =SUM(AU17:BF17) -> 30958440 | BI17: =SUM(BI56,BI90) -> 2650592.4 | BJ17: =SUM(BJ56,BJ90) -> 2650592.4 | BK17: =SUM(BK56,BK90) -> 2650592.4 | BL17: =SUM(BL56,BL90) -> 2650592.4 | BM17: =SUM(BM56,BM90) -> 2650592.4 | BN17: =SUM(BN56,BN90) -> 2650592.4 | BO17: =SUM(BO56,BO90) -> 2650592.4 | BP17: =SUM(BP56,BP90) -> 2650592.4 | ... BT17: =SUM(BT56,BT90) -> 2650592.4 | BU17: =SUM(BI17:BT17) -> 31807109
B18: 복리후생비 | P18: =SUM(D18:O18) -> 0 | S18: =SUM(S57,S91) -> 151675687 | T18: =SUM(T57,T91) -> 170819997 | U18: =SUM(U57,U91) -> 171904115 | V18: =SUM(V57,V91) -> 214105718 | W18: =SUM(W57,W91) -> 168979041 | X18: =SUM(X57,X91) -> 149147586 | Y18: =SUM(Y57,Y91) -> 144577659 | Z18: =SUM(Z57,Z91) -> 142910847 | ... AD18: =SUM(AD57,AD91) -> 52367605 | AE18: =SUM(S18:AD18) -> 1464090063 | AG18: =SUM(AG57,AG91) -> 53272610 | AH18: =SUM(AH57,AH91) -> 37427868 | AI18: =SUM(AI57,AI91) -> 26316451 | AJ18: =SUM(AJ57,AJ91) -> 41991674 | AK18: =SUM(AK57,AK91) -> 41684629 | AL18: =SUM(AL57,AL91) -> 27799557 | AM18: =SUM(AM57,AM91) -> 19669996 | AN18: =SUM(AN57,AN91) -> -36005983 | ... AR18: =SUM(AR57,AR91) -> 7785786 | AS18: =SUM(AG18:AR18) -> 226543048 | AU18: =SUM(AU57,AU91) -> 3267547 | AV18: =SUM(AV57,AV91) -> 2859731 | AW18: =SUM(AW57,AW91) -> 3635409 | AX18: =SUM(AX57,AX91) -> 3699174 | AY18: =SUM(AY57,AY91) -> 3080161 | AZ18: =SUM(AZ57,AZ91) -> 6978046 | BA18: =SUM(BA57,BA91) -> 2737012 | BB18: =SUM(BB57,BB91) -> 2603214 | ... BF18: =SUM(BF57,BF91) -> 3000000 | BG18: =SUM(AU18:BF18) -> 43087022 | BI18: =SUM(BI57,BI91) -> 3000000 | BJ18: =SUM(BJ57,BJ91) -> 3000000 | BK18: =SUM(BK57,BK91) -> 3000000 | BL18: =SUM(BL57,BL91) -> 3000000 | BM18: =SUM(BM57,BM91) -> 3000000 | BN18: =SUM(BN57,BN91) -> 3000000 | BO18: =SUM(BO57,BO91) -> 3000000 | BP18: =SUM(BP57,BP91) -> 3000000 | ... BT18: =SUM(BT57,BT91) -> 3000000 | BU18: =SUM(BI18:BT18) -> 36000000
B19: 감가상각비 | P19: =SUM(D19:O19) -> 0 | S19: =SUM(S58,S92) -> 38068910 | T19: =SUM(T58,T92) -> 38201025 | U19: =SUM(U58,U92) -> 53412544 | V19: =SUM(V58,V92) -> 57719556 | W19: =SUM(W58,W92) -> 48847288 | X19: =SUM(X58,X92) -> 44505262 | Y19: =SUM(Y58,Y92) -> 41253178 | Z19: =SUM(Z58,Z92) -> 41283178 | ... AD19: =SUM(AD58,AD92) -> 15035863 | AE19: =SUM(S19:AD19) -> 472845427 | AG19: =SUM(AG58,AG92) -> 17185922 | AH19: =SUM(AH58,AH92) -> 17511674 | AI19: =SUM(AI58,AI92) -> 17348798 | AJ19: =SUM(AJ58,AJ92) -> 17348798 | AK19: =SUM(AK58,AK92) -> 17348798 | AL19: =SUM(AL58,AL92) -> 17348798 | AM19: =SUM(AM58,AM92) -> 16849294 | AN19: =SUM(AN58,AN92) -> 15837912 | ... AR19: =SUM(AR58,AR92) -> 5490359 | AS19: =SUM(AG19:AR19) -> 168989992 | AU19: =SUM(AU58,AU92) -> 5438920 | AV19: =SUM(AV58,AV92) -> 5438920 | AW19: =SUM(AW58,AW92) -> 5438920 | AX19: =SUM(AX58,AX92) -> 5438920 | AY19: =SUM(AY58,AY92) -> 5438920 | AZ19: =SUM(AZ58,AZ92) -> 5438920 | BA19: =SUM(BA58,BA92) -> 5438920 | BB19: =SUM(BB58,BB92) -> 5438920 | ... BF19: =SUM(BF58,BF92) -> 5438920 | BG19: =SUM(AU19:BF19) -> 65267040 | BI19: =SUM(BI58,BI92) -> 5438920 | BJ19: =SUM(BJ58,BJ92) -> 5438920 | BK19: =SUM(BK58,BK92) -> 5438920 | BL19: =SUM(BL58,BL92) -> 5438920 | BM19: =SUM(BM58,BM92) -> 5438920 | BN19: =SUM(BN58,BN92) -> 5438920 | BO19: =SUM(BO58,BO92) -> 5438920 | BP19: =SUM(BP58,BP92) -> 5438920 | ... BT19: =SUM(BT58,BT92) -> 5438920 | BU19: =SUM(BI19:BT19) -> 65267040
B20: 여비교통비 | P20: =SUM(D20:O20) -> 0 | S20: =SUM(S59,S93) -> 2113212 | T20: =SUM(T59,T93) -> 2937030 | U20: =SUM(U59,U93) -> 3236785 | V20: =SUM(V59,V93) -> 2799850 | W20: =SUM(W59,W93) -> 15524437 | X20: =SUM(X59,X93) -> 5588388 | Y20: =SUM(Y59,Y93) -> 11777991 | Z20: =SUM(Z59,Z93) -> 6524492 | ... AD20: =SUM(AD59,AD93) -> 776784 | AE20: =SUM(S20:AD20) -> 59506494 | AG20: =SUM(AG59,AG93) -> 340600 | AH20: =SUM(AH59,AH93) -> 650047 | AI20: =SUM(AI59,AI93) -> 684700 | AJ20: =SUM(AJ59,AJ93) -> 1058480 | AK20: =SUM(AK59,AK93) -> 1284497 | AL20: =SUM(AL59,AL93) -> 621500 | AM20: =SUM(AM59,AM93) -> 1018600 | AN20: =SUM(AN59,AN93) -> 754700 | ... AR20: =SUM(AR59,AR93) -> 718300 | AS20: =SUM(AG20:AR20) -> 9330364 | AU20: =SUM(AU59,AU93) -> 530800 | AV20: =SUM(AV59,AV93) -> 744244 | AW20: =SUM(AW59,AW93) -> 810056 | AX20: =SUM(AX59,AX93) -> 526000 | AY20: =SUM(AY59,AY93) -> 505700 | AZ20: =SUM(AZ59,AZ93) -> 673400 | BA20: =SUM(BA59,BA93) -> 664000 | BB20: =SUM(BB59,BB93) -> 516528 | ... BF20: =SUM(BF59,BF93) -> 664000 | BG20: =SUM(AU20:BF20) -> 8578142 | BI20: =SUM(BI59,BI93) -> 645650.67 | BJ20: =SUM(BJ59,BJ93) -> 645650.67 | BK20: =SUM(BK59,BK93) -> 645650.67 | BL20: =SUM(BL59,BL93) -> 645650.67 | BM20: =SUM(BM59,BM93) -> 645650.67 | BN20: =SUM(BN59,BN93) -> 645650.67 | BO20: =SUM(BO59,BO93) -> 645650.67 | BP20: =SUM(BP59,BP93) -> 645650.67 | ... BT20: =SUM(BT59,BT93) -> 645650.67 | BU20: =SUM(BI20:BT20) -> 7747808
B21: 접대비 | P21: =SUM(D21:O21) -> 0 | S21: =SUM(S60,S94) -> 6214670 | T21: =SUM(T60,T94) -> 4939300 | U21: =SUM(U60,U94) -> 5722030 | V21: =SUM(V60,V94) -> 6149250 | W21: =SUM(W60,W94) -> 4254764 | X21: =SUM(X60,X94) -> 5252930 | Y21: =SUM(Y60,Y94) -> 6343700 | Z21: =SUM(Z60,Z94) -> 4259840 | ... AD21: =SUM(AD60,AD94) -> 2391252 | AE21: =SUM(S21:AD21) -> 57491752 | AG21: =SUM(AG60,AG94) -> 1537807 | AH21: =SUM(AH60,AH94) -> 1798970 | AI21: =SUM(AI60,AI94) -> 1104370 | AJ21: =SUM(AJ60,AJ94) -> 2544400 | AK21: =SUM(AK60,AK94) -> 1910200 | AL21: =SUM(AL60,AL94) -> 3463500 | AM21: =SUM(AM60,AM94) -> 1820100 | AN21: =SUM(AN60,AN94) -> 3114700 | ... AR21: =SUM(AR60,AR94) -> 2277300 | AS21: =SUM(AG21:AR21) -> 23836952 | AU21: =SUM(AU60,AU94) -> 1160500 | AV21: =SUM(AV60,AV94) -> 1452800 | AW21: =SUM(AW60,AW94) -> 1567700 | AX21: =SUM(AX60,AX94) -> 757800 | AY21: =SUM(AY60,AY94) -> 1378300 | AZ21: =SUM(AZ60,AZ94) -> 1451900 | BA21: =SUM(BA60,BA94) -> 1754700 | BB21: =SUM(BB60,BB94) -> 4540600 | ... BF21: =SUM(BF60,BF94) -> 1500000 | BG21: =SUM(AU21:BF21) -> 24932152 | BI21: =SUM(BI60,BI94) -> 1500000 | BJ21: =SUM(BJ60,BJ94) -> 1500000 | BK21: =SUM(BK60,BK94) -> 1500000 | BL21: =SUM(BL60,BL94) -> 1500000 | BM21: =SUM(BM60,BM94) -> 1500000 | BN21: =SUM(BN60,BN94) -> 1500000 | BO21: =SUM(BO60,BO94) -> 1500000 | BP21: =SUM(BP60,BP94) -> 1500000 | ... BT21: =SUM(BT60,BT94) -> 1500000 | BU21: =SUM(BI21:BT21) -> 18000000
B22: 통신비 | P22: =SUM(D22:O22) -> 0 | S22: =SUM(S61,S95) -> 88370 | T22: =SUM(T61,T95) -> 77320 | U22: =SUM(U61,U95) -> 98960 | V22: =SUM(V61,V95) -> 91250 | W22: =SUM(W61,W95) -> 161670 | X22: =SUM(X61,X95) -> 208680 | Y22: =SUM(Y61,Y95) -> 187830 | Z22: =SUM(Z61,Z95) -> 203190 | ... AD22: =SUM(AD61,AD95) -> 140610 | AE22: =SUM(S22:AD22) -> 6677978 | AG22: =SUM(AG61,AG95) -> 149870 | AH22: =SUM(AH61,AH95) -> 133110 | AI22: =SUM(AI61,AI95) -> 170296 | AJ22: =SUM(AJ61,AJ95) -> 194912 | AK22: =SUM(AK61,AK95) -> 214253 | AL22: =SUM(AL61,AL95) -> 188260 | AM22: =SUM(AM61,AM95) -> 317640 | AN22: =SUM(AN61,AN95) -> 221923 | ... AR22: =SUM(AR61,AR95) -> 186804 | AS22: =SUM(AG22:AR22) -> 2570505 | AU22: =SUM(AU61,AU95) -> 204903 | AV22: =SUM(AV61,AV95) -> 181453 | AW22: =SUM(AW61,AW95) -> 181393 | AX22: =SUM(AX61,AX95) -> 231153 | AY22: =SUM(AY61,AY95) -> 1964498 | AZ22: =SUM(AZ61,AZ95) -> 485854 | BA22: =SUM(BA61,BA95) -> 580978 | BB22: =SUM(BB61,BB95) -> 438553 | ... BF22: =SUM(BF61,BF95) -> 225353 | BG22: =SUM(AU22:BF22) -> 5169897 | BI22: =SUM(BI61,BI95) -> 499348.67 | BJ22: =SUM(BJ61,BJ95) -> 499348.67 | BK22: =SUM(BK61,BK95) -> 499348.67 | BL22: =SUM(BL61,BL95) -> 499348.67 | BM22: =SUM(BM61,BM95) -> 499348.67 | BN22: =SUM(BN61,BN95) -> 499348.67 | BO22: =SUM(BO61,BO95) -> 499348.67 | BP22: =SUM(BP61,BP95) -> 499348.67 | ... BT22: =SUM(BT61,BT95) -> 499348.67 | BU22: =SUM(BI22:BT22) -> 5992184
B23: 수도광열비 | P23: =SUM(D23:O23) -> 0 | S23: =SUM(S62,S96) -> 0 | T23: =SUM(T62,T96) -> 0 | U23: =SUM(U62,U96) -> 0 | V23: =SUM(V62,V96) -> 0 | W23: =SUM(W62,W96) -> 0 | X23: =SUM(X62,X96) -> 0 | Y23: =SUM(Y62,Y96) -> 0 | Z23: =SUM(Z62,Z96) -> 0 | ... AD23: =SUM(AD62,AD96) -> 0 | AE23: =SUM(S23:AD23) -> 0 | AG23: =SUM(AG62,AG96) -> 0 | AH23: =SUM(AH62,AH96) -> 0 | AI23: =SUM(AI62,AI96) -> 0 | AJ23: =SUM(AJ62,AJ96) -> 0 | AK23: =SUM(AK62,AK96) -> 0 | AL23: =SUM(AL62,AL96) -> 0 | AM23: =SUM(AM62,AM96) -> 0 | AN23: =SUM(AN62,AN96) -> 0 | ... AR23: =SUM(AR62,AR96) -> 0 | AS23: =SUM(AG23:AR23) -> 0 | AU23: =SUM(AU62,AU96) -> 0 | AV23: =SUM(AV62,AV96) -> 0 | AW23: =SUM(AW62,AW96) -> 0 | AX23: =SUM(AX62,AX96) -> 0 | AY23: =SUM(AY62,AY96) -> 0 | AZ23: =SUM(AZ62,AZ96) -> 0 | BA23: =SUM(BA62,BA96) -> 0 | BB23: =SUM(BB62,BB96) -> 0 | ... BF23: =SUM(BF62,BF96) -> 0 | BG23: =SUM(AU23:BF23) -> 0 | BI23: =SUM(BI62,BI96) -> 0 | BJ23: =SUM(BJ62,BJ96) -> 0 | BK23: =SUM(BK62,BK96) -> 0 | BL23: =SUM(BL62,BL96) -> 0 | BM23: =SUM(BM62,BM96) -> 0 | BN23: =SUM(BN62,BN96) -> 0 | BO23: =SUM(BO62,BO96) -> 0 | BP23: =SUM(BP62,BP96) -> 0 | ... BT23: =SUM(BT62,BT96) -> 0 | BU23: =SUM(BI23:BT23) -> 0
B24: 세금과공과금 | P24: =SUM(D24:O24) -> 0 | S24: =SUM(S63,S97) -> 4810190 | T24: =SUM(T63,T97) -> 4163220 | U24: =SUM(U63,U97) -> 4354840 | V24: =SUM(V63,V97) -> 4558030 | W24: =SUM(W63,W97) -> 4616510 | X24: =SUM(X63,X97) -> 4534820 | Y24: =SUM(Y63,Y97) -> 4460970 | Z24: =SUM(Z63,Z97) -> 5759040 | ... AD24: =SUM(AD63,AD97) -> 1264530 | AE24: =SUM(S24:AD24) -> 48810340 | AG24: =SUM(AG63,AG97) -> 28184000 | AH24: =SUM(AH63,AH97) -> 1144480 | AI24: =SUM(AI63,AI97) -> 1162010 | AJ24: =SUM(AJ63,AJ97) -> 1107190 | AK24: =SUM(AK63,AK97) -> 961790 | AL24: =SUM(AL63,AL97) -> 925800 | AM24: =SUM(AM63,AM97) -> 586130 | AN24: =SUM(AN63,AN97) -> 886610 | ... AR24: =SUM(AR63,AR97) -> 0 | AS24: =SUM(AG24:AR24) -> 35609460 | AU24: =SUM(AU63,AU97) -> 786740 | AV24: =SUM(AV63,AV97) -> 0 | AW24: =SUM(AW63,AW97) -> 192960 | AX24: =SUM(AX63,AX97) -> 0 | AY24: =SUM(AY63,AY97) -> 0 | AZ24: =SUM(AZ63,AZ97) -> 0 | BA24: =SUM(BA63,BA97) -> 48240 | BB24: =SUM(BB63,BB97) -> 250000 | ... BF24: =SUM(BF63,BF97) -> 500000 | BG24: =SUM(AU24:BF24) -> 1877940 | BI24: =SUM(BI63,BI97) -> 547250 | BJ24: =SUM(BJ63,BJ97) -> 547250 | BK24: =SUM(BK63,BK97) -> 547250 | BL24: =SUM(BL63,BL97) -> 547250 | BM24: =SUM(BM63,BM97) -> 547250 | BN24: =SUM(BN63,BN97) -> 547250 | BO24: =SUM(BO63,BO97) -> 547250 | BP24: =SUM(BP63,BP97) -> 547250 | ... BT24: =SUM(BT63,BT97) -> 547250 | BU24: =SUM(BI24:BT24) -> 6567000
B25: 지급임차료 | P25: =SUM(D25:O25) -> 0 | S25: =SUM(S64,S98) -> 29131096 | T25: =SUM(T64,T98) -> 17930851 | U25: =SUM(U64,U98) -> 17243346 | V25: =SUM(V64,V98) -> 17478118 | W25: =SUM(W64,W98) -> 22670964 | X25: =SUM(X64,X98) -> 18009022 | Y25: =SUM(Y64,Y98) -> 34048396 | Z25: =SUM(Z64,Z98) -> 52082336 | ... AD25: =SUM(AD64,AD98) -> -246215279 | AE25: =SUM(S25:AD25) -> 2420000 | AG25: =SUM(AG64,AG98) -> 110000 | AH25: =SUM(AH64,AH98) -> 110000 | AI25: =SUM(AI64,AI98) -> 110000 | AJ25: =SUM(AJ64,AJ98) -> 110000 | AK25: =SUM(AK64,AK98) -> 110000 | AL25: =SUM(AL64,AL98) -> 110000 | AM25: =SUM(AM64,AM98) -> 110000 | AN25: =SUM(AN64,AN98) -> 110000 | ... AR25: =SUM(AR64,AR98) -> 535680 | AS25: =SUM(AG25:AR25) -> 2597040 | AU25: =SUM(AU64,AU98) -> 535680 | AV25: =SUM(AV64,AV98) -> 535680 | AW25: =SUM(AW64,AW98) -> 535680 | AX25: =SUM(AX64,AX98) -> 535680 | AY25: =SUM(AY64,AY98) -> 535680 | AZ25: =SUM(AZ64,AZ98) -> 535680 | BA25: =SUM(BA64,BA98) -> 535680 | BB25: =SUM(BB64,BB98) -> 535680 | ... BF25: =SUM(BF64,BF98) -> 535680 | BG25: =SUM(AU25:BF25) -> 6428160 | BI25: =SUM(BI64,BI98) -> 535680 | BJ25: =SUM(BJ64,BJ98) -> 535680 | BK25: =SUM(BK64,BK98) -> 535680 | BL25: =SUM(BL64,BL98) -> 535680 | BM25: =SUM(BM64,BM98) -> 535680 | BN25: =SUM(BN64,BN98) -> 535680 | BO25: =SUM(BO64,BO98) -> 535680 | BP25: =SUM(BP64,BP98) -> 535680 | ... BT25: =SUM(BT64,BT98) -> 535680 | BU25: =SUM(BI25:BT25) -> 6428160
B26: 경상연구개발비 | P26: =SUM(D26:O26) -> 0 | S26: =SUM(S69,S99) -> 0 | T26: =SUM(T69,T99) -> 0 | U26: =SUM(U69,U99) -> 0 | V26: =SUM(V69,V99) -> 0 | W26: =SUM(W69,W99) -> 0 | X26: =SUM(X69,X99) -> 0 | Y26: =SUM(Y69,Y99) -> 0 | Z26: =SUM(Z69,Z99) -> 0 | ... AD26: =SUM(AD69,AD99) -> 0 | AE26: =SUM(S26:AD26) -> 0 | AG26: =SUM(AG69,AG99) -> 0 | AH26: =SUM(AH69,AH99) -> 0 | AI26: =SUM(AI69,AI99) -> 0 | AJ26: =SUM(AJ69,AJ99) -> 0 | AK26: =SUM(AK69,AK99) -> 0 | AL26: =SUM(AL69,AL99) -> 0 | AM26: =SUM(AM69,AM99) -> 0 | AN26: =SUM(AN69,AN99) -> 0 | ... AR26: =SUM(AR69,AR99) -> 0 | AS26: =SUM(AG26:AR26) -> 0 | AU26: =SUM(AU69,AU99) -> 0 | AV26: =SUM(AV69,AV99) -> 0 | AW26: =SUM(AW69,AW99) -> 0 | AX26: =SUM(AX69,AX99) -> 0 | AY26: =SUM(AY69,AY99) -> 0 | AZ26: =SUM(AZ69,AZ99) -> 0 | BA26: =SUM(BA69,BA99) -> 0 | BB26: =SUM(BB69,BB99) -> 0 | ... BF26: =SUM(BF69,BF99) -> 0 | BG26: =SUM(AU26:BF26) -> 0 | BI26: =SUM(BI69,BI99) -> 0 | BJ26: =SUM(BJ69,BJ99) -> 0 | BK26: =SUM(BK69,BK99) -> 0 | BL26: =SUM(BL69,BL99) -> 0 | BM26: =SUM(BM69,BM99) -> 0 | BN26: =SUM(BN69,BN99) -> 0 | BO26: =SUM(BO69,BO99) -> 0 | BP26: =SUM(BP69,BP99) -> 0 | ... BT26: =SUM(BT69,BT99) -> 0 | BU26: =SUM(BI26:BT26) -> 0
B27: 수선비 | P27: =SUM(D27:O27) -> 0 | S27: =SUM(S65,S100) -> 0 | T27: =SUM(T65,T100) -> 0 | U27: =SUM(U65,U100) -> 0 | V27: =SUM(V65,V100) -> 0 | W27: =SUM(W65,W100) -> 0 | X27: =SUM(X65,X100) -> 0 | Y27: =SUM(Y65,Y100) -> 0 | Z27: =SUM(Z65,Z100) -> 0 | ... AD27: =SUM(AD65,AD100) -> 0 | AE27: =SUM(S27:AD27) -> 0 | AG27: =SUM(AG65,AG100) -> 0 | AH27: =SUM(AH65,AH100) -> 0 | AI27: =SUM(AI65,AI100) -> 0 | AJ27: =SUM(AJ65,AJ100) -> 0 | AK27: =SUM(AK65,AK100) -> 0 | AL27: =SUM(AL65,AL100) -> 0 | AM27: =SUM(AM65,AM100) -> 0 | AN27: =SUM(AN65,AN100) -> 0 | ... AR27: =SUM(AR65,AR100) -> 0 | AS27: =SUM(AG27:AR27) -> 0 | AU27: =SUM(AU65,AU100) -> 0 | AV27: =SUM(AV65,AV100) -> 0 | AW27: =SUM(AW65,AW100) -> 0 | AX27: =SUM(AX65,AX100) -> 0 | AY27: =SUM(AY65,AY100) -> 0 | AZ27: =SUM(AZ65,AZ100) -> 0 | BA27: =SUM(BA65,BA100) -> 0 | BB27: =SUM(BB65,BB100) -> 0 | ... BF27: =SUM(BF65,BF100) -> 0 | BG27: =SUM(AU27:BF27) -> 0 | BI27: =SUM(BI65,BI100) -> 0 | BJ27: =SUM(BJ65,BJ100) -> 0 | BK27: =SUM(BK65,BK100) -> 0 | BL27: =SUM(BL65,BL100) -> 0 | BM27: =SUM(BM65,BM100) -> 0 | BN27: =SUM(BN65,BN100) -> 0 | BO27: =SUM(BO65,BO100) -> 0 | BP27: =SUM(BP65,BP100) -> 0 | ... BT27: =SUM(BT65,BT100) -> 0 | BU27: =SUM(BI27:BT27) -> 0
B28: 보험료 | P28: =SUM(D28:O28) -> 0 | S28: =SUM(S66,S101) -> 1504754 | T28: =SUM(T66,T101) -> 1359133 | U28: =SUM(U66,U101) -> 1504754 | V28: =SUM(V66,V101) -> 1456213 | W28: =SUM(W66,W101) -> 2706254 | X28: =SUM(X66,X101) -> 1456213 | Y28: =SUM(Y66,Y101) -> -653755 | Z28: =SUM(Z66,Z101) -> 3401538 | ... AD28: =SUM(AD66,AD101) -> 3288638 | AE28: =SUM(S28:AD28) -> 25677486 | AG28: =SUM(AG66,AG101) -> 3288638 | AH28: =SUM(AH66,AH101) -> 3076468 | AI28: =SUM(AI66,AI101) -> 3288638 | AJ28: =SUM(AJ66,AJ101) -> 7661615 | AK28: =SUM(AK66,AK101) -> 3380835 | AL28: =SUM(AL66,AL101) -> 3281336 | AM28: =SUM(AM66,AM101) -> 1030527 | AN28: =SUM(AN66,AN101) -> 881532 | ... AR28: =SUM(AR66,AR101) -> 917824 | AS28: =SUM(AG28:AR28) -> 29395137 | AU28: =SUM(AU66,AU101) -> 917826 | AV28: =SUM(AV66,AV101) -> 829004 | AW28: =SUM(AW66,AW101) -> 917826 | AX28: =SUM(AX66,AX101) -> 888219 | AY28: =SUM(AY66,AY101) -> 1805081 | AZ28: =SUM(AZ66,AZ101) -> 2965866 | BA28: =SUM(BA66,BA101) -> 36292 | BB28: =SUM(BB66,BB101) -> 36292 | ... BF28: =SUM(BF66,BF101) -> 36294 | BG28: =SUM(AU28:BF28) -> 8540407 | BI28: =SUM(BI66,BI101) -> 936836.33 | BJ28: =SUM(BJ66,BJ101) -> 936836.33 | BK28: =SUM(BK66,BK101) -> 936836.33 | BL28: =SUM(BL66,BL101) -> 936836.33 | BM28: =SUM(BM66,BM101) -> 936836.33 | BN28: =SUM(BN66,BN101) -> 936836.33 | BO28: =SUM(BO66,BO101) -> 936836.33 | BP28: =SUM(BP66,BP101) -> 936836.33 | ... BT28: =SUM(BT66,BT101) -> 936836.33 | BU28: =SUM(BI28:BT28) -> 11242036
B29: 차량유지비 | P29: =SUM(D29:O29) -> 0 | S29: =SUM(S67,S102) -> 0 | T29: =SUM(T67,T102) -> 0 | U29: =SUM(U67,U102) -> 0 | V29: =SUM(V67,V102) -> 0 | W29: =SUM(W67,W102) -> 0 | X29: =SUM(X67,X102) -> 0 | Y29: =SUM(Y67,Y102) -> 0 | Z29: =SUM(Z67,Z102) -> 0 | ... AD29: =SUM(AD67,AD102) -> 0 | AE29: =SUM(S29:AD29) -> 0 | AG29: =SUM(AG67,AG102) -> 0 | AH29: =SUM(AH67,AH102) -> 0 | AI29: =SUM(AI67,AI102) -> 0 | AJ29: =SUM(AJ67,AJ102) -> 0 | AK29: =SUM(AK67,AK102) -> 0 | AL29: =SUM(AL67,AL102) -> 0 | AM29: =SUM(AM67,AM102) -> 0 | AN29: =SUM(AN67,AN102) -> 0 | ... AR29: =SUM(AR67,AR102) -> 0 | AS29: =SUM(AG29:AR29) -> 0 | AU29: =SUM(AU67,AU102) -> 0 | AV29: =SUM(AV67,AV102) -> 0 | AW29: =SUM(AW67,AW102) -> 0 | AX29: =SUM(AX67,AX102) -> 0 | AY29: =SUM(AY67,AY102) -> 0 | AZ29: =SUM(AZ67,AZ102) -> 0 | BA29: =SUM(BA67,BA102) -> 0 | BB29: =SUM(BB67,BB102) -> 0 | ... BF29: =SUM(BF67,BF102) -> 0 | BG29: =SUM(AU29:BF29) -> 0 | BI29: =SUM(BI67,BI102) -> 0 | BJ29: =SUM(BJ67,BJ102) -> 0 | BK29: =SUM(BK67,BK102) -> 0 | BL29: =SUM(BL67,BL102) -> 0 | BM29: =SUM(BM67,BM102) -> 0 | BN29: =SUM(BN67,BN102) -> 0 | BO29: =SUM(BO67,BO102) -> 0 | BP29: =SUM(BP67,BP102) -> 0 | ... BT29: =SUM(BT67,BT102) -> 0 | BU29: =SUM(BI29:BT29) -> 0
B30: 운반비 | P30: =SUM(D30:O30) -> 0 | S30: =SUM(S68,S103) -> 0 | T30: =SUM(T68,T103) -> 0 | U30: =SUM(U68,U103) -> 0 | V30: =SUM(V68,V103) -> 0 | W30: =SUM(W68,W103) -> 0 | X30: =SUM(X68,X103) -> 0 | Y30: =SUM(Y68,Y103) -> 0 | Z30: =SUM(Z68,Z103) -> 0 | ... AD30: =SUM(AD68,AD103) -> 0 | AE30: =SUM(S30:AD30) -> 0 | AG30: =SUM(AG68,AG103) -> 0 | AH30: =SUM(AH68,AH103) -> 0 | AI30: =SUM(AI68,AI103) -> 0 | AJ30: =SUM(AJ68,AJ103) -> 0 | AK30: =SUM(AK68,AK103) -> 0 | AL30: =SUM(AL68,AL103) -> 0 | AM30: =SUM(AM68,AM103) -> 0 | AN30: =SUM(AN68,AN103) -> 0 | ... AR30: =SUM(AR68,AR103) -> 0 | AS30: =SUM(AG30:AR30) -> 0 | AU30: =SUM(AU68,AU103) -> 0 | AV30: =SUM(AV68,AV103) -> 0 | AW30: =SUM(AW68,AW103) -> 0 | AX30: =SUM(AX68,AX103) -> 0 | AY30: =SUM(AY68,AY103) -> 0 | AZ30: =SUM(AZ68,AZ103) -> 0 | BA30: =SUM(BA68,BA103) -> 0 | BB30: =SUM(BB68,BB103) -> 0 | ... BF30: =SUM(BF68,BF103) -> 0 | BG30: =SUM(AU30:BF30) -> 0 | BI30: =SUM(BI68,BI103) -> 0 | BJ30: =SUM(BJ68,BJ103) -> 0 | BK30: =SUM(BK68,BK103) -> 0 | BL30: =SUM(BL68,BL103) -> 0 | BM30: =SUM(BM68,BM103) -> 0 | BN30: =SUM(BN68,BN103) -> 0 | BO30: =SUM(BO68,BO103) -> 0 | BP30: =SUM(BP68,BP103) -> 0 | ... BT30: =SUM(BT68,BT103) -> 0 | BU30: =SUM(BI30:BT30) -> 0
B31: 교육훈련비 | P31: =SUM(D31:O31) -> 0 | S31: =SUM(S70,S104) -> 1865354 | T31: =SUM(T70,T104) -> 3542110 | U31: =SUM(U70,U104) -> 2109250 | V31: =SUM(V70,V104) -> 10616019 | W31: =SUM(W70,W104) -> 591500 | X31: =SUM(X70,X104) -> 630450 | Y31: =SUM(Y70,Y104) -> 503200 | Z31: =SUM(Z70,Z104) -> 899300 | ... AD31: =SUM(AD70,AD104) -> 612492 | AE31: =SUM(S31:AD31) -> 25478863 | AG31: =SUM(AG70,AG104) -> 20400 | AH31: =SUM(AH70,AH104) -> 76500 | AI31: =SUM(AI70,AI104) -> 0 | AJ31: =SUM(AJ70,AJ104) -> 298350 | AK31: =SUM(AK70,AK104) -> 161500 | AL31: =SUM(AL70,AL104) -> 272000 | AM31: =SUM(AM70,AM104) -> 0 | AN31: =SUM(AN70,AN104) -> 0 | ... AR31: =SUM(AR70,AR104) -> 3000 | AS31: =SUM(AG31:AR31) -> 840150 | AU31: =SUM(AU70,AU104) -> 0 | AV31: =SUM(AV70,AV104) -> 0 | AW31: =SUM(AW70,AW104) -> 0 | AX31: =SUM(AX70,AX104) -> 0 | AY31: =SUM(AY70,AY104) -> 0 | AZ31: =SUM(AZ70,AZ104) -> 0 | BA31: =SUM(BA70,BA104) -> 290000 | BB31: =SUM(BB70,BB104) -> 0 | ... BF31: =SUM(BF70,BF104) -> 0 | BG31: =SUM(AU31:BF31) -> 290000 | BI31: =SUM(BI70,BI104) -> 0 | BJ31: =SUM(BJ70,BJ104) -> 0 | BK31: =SUM(BK70,BK104) -> 0 | BL31: =SUM(BL70,BL104) -> 0 | BM31: =SUM(BM70,BM104) -> 0 | BN31: =SUM(BN70,BN104) -> 0 | BO31: =SUM(BO70,BO104) -> 0 | BP31: =SUM(BP70,BP104) -> 0 | ... BT31: =SUM(BT70,BT104) -> 0 | BU31: =SUM(BI31:BT31) -> 0
B32: 도서인쇄비 | P32: =SUM(D32:O32) -> 0 | S32: =SUM(S71,S105) -> 52300 | T32: =SUM(T71,T105) -> 526600 | U32: =SUM(U71,U105) -> 106200 | V32: =SUM(V71,V105) -> 74700 | W32: =SUM(W71,W105) -> 28600 | X32: =SUM(X71,X105) -> 55180 | Y32: =SUM(Y71,Y105) -> 24500 | Z32: =SUM(Z71,Z105) -> 95400 | ... AD32: =SUM(AD71,AD105) -> 0 | AE32: =SUM(S32:AD32) -> 1024680 | AG32: =SUM(AG71,AG105) -> 0 | AH32: =SUM(AH71,AH105) -> 0 | AI32: =SUM(AI71,AI105) -> 0 | AJ32: =SUM(AJ71,AJ105) -> 0 | AK32: =SUM(AK71,AK105) -> 0 | AL32: =SUM(AL71,AL105) -> 0 | AM32: =SUM(AM71,AM105) -> 0 | AN32: =SUM(AN71,AN105) -> 0 | ... AR32: =SUM(AR71,AR105) -> 0 | AS32: =SUM(AG32:AR32) -> 0 | AU32: =SUM(AU71,AU105) -> 0 | AV32: =SUM(AV71,AV105) -> 0 | AW32: =SUM(AW71,AW105) -> 0 | AX32: =SUM(AX71,AX105) -> 0 | AY32: =SUM(AY71,AY105) -> 0 | AZ32: =SUM(AZ71,AZ105) -> 0 | BA32: =SUM(BA71,BA105) -> 0 | BB32: =SUM(BB71,BB105) -> 0 | ... BF32: =SUM(BF71,BF105) -> 0 | BG32: =SUM(AU32:BF32) -> 0 | BI32: =SUM(BI71,BI105) -> 0 | BJ32: =SUM(BJ71,BJ105) -> 0 | BK32: =SUM(BK71,BK105) -> 0 | BL32: =SUM(BL71,BL105) -> 0 | BM32: =SUM(BM71,BM105) -> 0 | BN32: =SUM(BN71,BN105) -> 0 | BO32: =SUM(BO71,BO105) -> 0 | BP32: =SUM(BP71,BP105) -> 0 | ... BT32: =SUM(BT71,BT105) -> 0 | BU32: =SUM(BI32:BT32) -> 0
B33: 사무용품비 | P33: =SUM(D33:O33) -> 0 | S33: =SUM(S72,S106) -> 0 | T33: =SUM(T72,T106) -> 0 | U33: =SUM(U72,U106) -> 0 | V33: =SUM(V72,V106) -> 0 | W33: =SUM(W72,W106) -> 0 | X33: =SUM(X72,X106) -> 0 | Y33: =SUM(Y72,Y106) -> 0 | Z33: =SUM(Z72,Z106) -> 0 | ... AD33: =SUM(AD72,AD106) -> 0 | AE33: =SUM(S33:AD33) -> 0 | AG33: =SUM(AG72,AG106) -> 0 | AH33: =SUM(AH72,AH106) -> 0 | AI33: =SUM(AI72,AI106) -> 0 | AJ33: =SUM(AJ72,AJ106) -> 0 | AK33: =SUM(AK72,AK106) -> 0 | AL33: =SUM(AL72,AL106) -> 0 | AM33: =SUM(AM72,AM106) -> 0 | AN33: =SUM(AN72,AN106) -> 0 | ... AR33: =SUM(AR72,AR106) -> 0 | AS33: =SUM(AG33:AR33) -> 0 | AU33: =SUM(AU72,AU106) -> 0 | AV33: =SUM(AV72,AV106) -> 0 | AW33: =SUM(AW72,AW106) -> 0 | AX33: =SUM(AX72,AX106) -> 0 | AY33: =SUM(AY72,AY106) -> 0 | AZ33: =SUM(AZ72,AZ106) -> 0 | BA33: =SUM(BA72,BA106) -> 0 | BB33: =SUM(BB72,BB106) -> 0 | ... BF33: =SUM(BF72,BF106) -> 0 | BG33: =SUM(AU33:BF33) -> 0 | BI33: =SUM(BI72,BI106) -> 0 | BJ33: =SUM(BJ72,BJ106) -> 0 | BK33: =SUM(BK72,BK106) -> 0 | BL33: =SUM(BL72,BL106) -> 0 | BM33: =SUM(BM72,BM106) -> 0 | BN33: =SUM(BN72,BN106) -> 0 | BO33: =SUM(BO72,BO106) -> 0 | BP33: =SUM(BP72,BP106) -> 0 | ... BT33: =SUM(BT72,BT106) -> 0 | BU33: =SUM(BI33:BT33) -> 0
B34: 소모품비 | P34: =SUM(D34:O34) -> 0 | S34: =SUM(S73,S107) -> 14840617 | T34: =SUM(T73,T107) -> 5113455 | U34: =SUM(U73,U107) -> 20013559 | V34: =SUM(V73,V107) -> 1079478 | W34: =SUM(W73,W107) -> 2314877 | X34: =SUM(X73,X107) -> 1885056 | Y34: =SUM(Y73,Y107) -> 440612 | Z34: =SUM(Z73,Z107) -> 740447 | ... AD34: =SUM(AD73,AD107) -> 6235481 | AE34: =SUM(S34:AD34) -> 58067439 | AG34: =SUM(AG73,AG107) -> 0 | AH34: =SUM(AH73,AH107) -> 1697351 | AI34: =SUM(AI73,AI107) -> 704582 | AJ34: =SUM(AJ73,AJ107) -> 729500 | AK34: =SUM(AK73,AK107) -> 495000 | AL34: =SUM(AL73,AL107) -> 495000 | AM34: =SUM(AM73,AM107) -> 50455 | AN34: =SUM(AN73,AN107) -> 90865 | ... AR34: =SUM(AR73,AR107) -> 0 | AS34: =SUM(AG34:AR34) -> 5056118 | AU34: =SUM(AU73,AU107) -> 90373 | AV34: =SUM(AV73,AV107) -> 62728 | AW34: =SUM(AW73,AW107) -> 62455 | AX34: =SUM(AX73,AX107) -> 152700 | AY34: =SUM(AY73,AY107) -> 36827 | AZ34: =SUM(AZ73,AZ107) -> 0 | BA34: =SUM(BA73,BA107) -> 0 | BB34: =SUM(BB73,BB107) -> 0 | ... BF34: =SUM(BF73,BF107) -> 0 | BG34: =SUM(AU34:BF34) -> 1603783 | BI34: =SUM(BI73,BI107) -> 100000 | BJ34: =SUM(BJ73,BJ107) -> 100000 | BK34: =SUM(BK73,BK107) -> 100000 | BL34: =SUM(BL73,BL107) -> 100000 | BM34: =SUM(BM73,BM107) -> 100000 | BN34: =SUM(BN73,BN107) -> 100000 | BO34: =SUM(BO73,BO107) -> 100000 | BP34: =SUM(BP73,BP107) -> 100000 | ... BT34: =SUM(BT73,BT107) -> 100000 | BU34: =SUM(BI34:BT34) -> 1200000
B35: 지급수수료 | P35: =SUM(D35:O35) -> 0 | S35: =SUM(S74,S108) -> 85587708 | T35: =SUM(T74,T108) -> 74748311 | U35: =SUM(U74,U108) -> 144374672 | V35: =SUM(V74,V108) -> 88188595 | W35: =SUM(W74,W108) -> 93197387 | X35: =SUM(X74,X108) -> 136778336 | Y35: =SUM(Y74,Y108) -> 86683175 | Z35: =SUM(Z74,Z108) -> 105851921 | ... AD35: =SUM(AD74,AD108) -> 347762082 | AE35: =SUM(S35:AD35) -> 1479572192 | AG35: =SUM(AG74,AG108) -> 66192979 | AH35: =SUM(AH74,AH108) -> 61915511 | AI35: =SUM(AI74,AI108) -> 40661919 | AJ35: =SUM(AJ74,AJ108) -> 22112703 | AK35: =SUM(AK74,AK108) -> 26935826 | AL35: =SUM(AL74,AL108) -> 36714747 | AM35: =SUM(AM74,AM108) -> 17410357 | AN35: =SUM(AN74,AN108) -> 16040094 | ... AR35: =SUM(AR74,AR108) -> 16323048 | AS35: =SUM(AG35:AR35) -> 356356234 | AU35: =SUM(AU74,AU108) -> 12297018 | AV35: =SUM(AV74,AV108) -> 11971329 | AW35: =SUM(AW74,AW108) -> 12151229 | AX35: =SUM(AX74,AX108) -> 12869665 | AY35: =SUM(AY74,AY108) -> 4334696 | AZ35: =SUM(AZ74,AZ108) -> 10534650 | BA35: =SUM(BA74,BA108) -> 5259960 | BB35: =SUM(BB74,BB108) -> 3458924 | ... BF35: =SUM(BF74,BF108) -> 6789853.5 | BG35: =SUM(AU35:BF35) -> 97243894 | BI35: =SUM(BI74,BI108) -> 6512733 | BJ35: =SUM(BJ74,BJ108) -> 5126599 | BK35: =SUM(BK74,BK108) -> 7330815 | BL35: =SUM(BL74,BL108) -> 4846815 | BM35: =SUM(BM74,BM108) -> 4647815 | BN35: =SUM(BN74,BN108) -> 7306815 | BO35: =SUM(BO74,BO108) -> 4156815 | BP35: =SUM(BP74,BP108) -> 4156815 | ... BT35: =SUM(BT74,BT108) -> 5909315 | BU35: =SUM(BI35:BT35) -> 65724982
B36: 광고선전비 | P36: =SUM(D36:O36) -> 0 | S36: =SUM(S75,S110) -> 0 | T36: =SUM(T75,T110) -> 0 | U36: =SUM(U75,U110) -> 0 | V36: =SUM(V75,V110) -> 0 | W36: =SUM(W75,W110) -> 0 | X36: =SUM(X75,X110) -> 0 | Y36: =SUM(Y75,Y110) -> 10000000 | Z36: =SUM(Z75,Z110) -> 13114114 | ... AD36: =SUM(AD75,AD110) -> 0 | AE36: =SUM(S36:AD36) -> 29935354 | AG36: =SUM(AG75,AG110) -> 0 | AH36: =SUM(AH75,AH110) -> 0 | AI36: =SUM(AI75,AI110) -> 0 | AJ36: =SUM(AJ75,AJ110) -> 0 | AK36: =SUM(AK75,AK110) -> 0 | AL36: =SUM(AL75,AL110) -> 0 | AM36: =SUM(AM75,AM110) -> 0 | AN36: =SUM(AN75,AN110) -> 0 | ... AR36: =SUM(AR75,AR110) -> 0 | AS36: =SUM(AG36:AR36) -> 0 | AU36: =SUM(AU75,AU110) -> 0 | AV36: =SUM(AV75,AV110) -> 0 | AW36: =SUM(AW75,AW110) -> 0 | AX36: =SUM(AX75,AX110) -> 0 | AY36: =SUM(AY75,AY110) -> 0 | AZ36: =SUM(AZ75,AZ110) -> 0 | BA36: =SUM(BA75,BA110) -> 0 | BB36: =SUM(BB75,BB110) -> 0 | ... BF36: =SUM(BF75,BF110) -> 0 | BG36: =SUM(AU36:BF36) -> 0 | BI36: =SUM(BI75,BI110) -> 0 | BJ36: =SUM(BJ75,BJ110) -> 0 | BK36: =SUM(BK75,BK110) -> 0 | BL36: =SUM(BL75,BL110) -> 0 | BM36: =SUM(BM75,BM110) -> 0 | BN36: =SUM(BN75,BN110) -> 0 | BO36: =SUM(BO75,BO110) -> 0 | BP36: =SUM(BP75,BP110) -> 0 | ... BT36: =SUM(BT75,BT110) -> 0 | BU36: =SUM(BI36:BT36) -> 0
B37: 판매촉진비 | P37: =SUM(D37:O37) -> 0 | S37: =SUM(S76,S111) -> 0 | T37: =SUM(T76,T111) -> 0 | U37: =SUM(U76,U111) -> 0 | V37: =SUM(V76,V111) -> 0 | W37: =SUM(W76,W111) -> 0 | X37: =SUM(X76,X111) -> 0 | Y37: =SUM(Y76,Y111) -> 331317 | Z37: =SUM(Z76,Z111) -> 37608 | ... AD37: =SUM(AD76,AD111) -> 30000 | AE37: =SUM(S37:AD37) -> 488959 | AG37: =SUM(AG76,AG111) -> 30000 | AH37: =SUM(AH76,AH111) -> 30000 | AI37: =SUM(AI76,AI111) -> 30000 | AJ37: =SUM(AJ76,AJ111) -> 30000 | AK37: =SUM(AK76,AK111) -> 2040000 | AL37: =SUM(AL76,AL111) -> 0 | AM37: =SUM(AM76,AM111) -> 0 | AN37: =SUM(AN76,AN111) -> 0 | ... AR37: =SUM(AR76,AR111) -> 0 | AS37: =SUM(AG37:AR37) -> 2160000 | AU37: =SUM(AU76,AU111) -> 0 | AV37: =SUM(AV76,AV111) -> 0 | AW37: =SUM(AW76,AW111) -> 0 | AX37: =SUM(AX76,AX111) -> 0 | AY37: =SUM(AY76,AY111) -> 0 | AZ37: =SUM(AZ76,AZ111) -> 0 | BA37: =SUM(BA76,BA111) -> 0 | BB37: =SUM(BB76,BB111) -> 0 | ... BF37: =SUM(BF76,BF111) -> 0 | BG37: =SUM(AU37:BF37) -> 0 | BI37: =SUM(BI76,BI111) -> 0 | BJ37: =SUM(BJ76,BJ111) -> 0 | BK37: =SUM(BK76,BK111) -> 0 | BL37: =SUM(BL76,BL111) -> 0 | BM37: =SUM(BM76,BM111) -> 0 | BN37: =SUM(BN76,BN111) -> 0 | BO37: =SUM(BO76,BO111) -> 0 | BP37: =SUM(BP76,BP111) -> 0 | ... BT37: =SUM(BT76,BT111) -> 0 | BU37: =SUM(BI37:BT37) -> 0
B38: 건물관리비 | P38: =SUM(D38:O38) -> 0 | S38: =SUM(S77,S112) -> 3696321 | T38: =SUM(T77,T112) -> 4135573 | U38: =SUM(U77,U112) -> 5605487 | V38: =SUM(V77,V112) -> 5891774 | W38: =SUM(W77,W112) -> 4262330 | X38: =SUM(X77,X112) -> 4813270 | Y38: =SUM(Y77,Y112) -> 6023516 | Z38: =SUM(Z77,Z112) -> 7224321 | ... AD38: =SUM(AD77,AD112) -> 1918840 | AE38: =SUM(S38:AD38) -> 60663186 | AG38: =SUM(AG77,AG112) -> 2151167 | AH38: =SUM(AH77,AH112) -> 2389923 | AI38: =SUM(AI77,AI112) -> 1958770 | AJ38: =SUM(AJ77,AJ112) -> 1825851 | AK38: =SUM(AK77,AK112) -> 1712894 | AL38: =SUM(AL77,AL112) -> 1842793 | AM38: =SUM(AM77,AM112) -> 2154452 | AN38: =SUM(AN77,AN112) -> 2018956 | ... AR38: =SUM(AR77,AR112) -> 300000 | AS38: =SUM(AG38:AR38) -> 19911863 | AU38: =SUM(AU77,AU112) -> 300000 | AV38: =SUM(AV77,AV112) -> 300000 | AW38: =SUM(AW77,AW112) -> 300000 | AX38: =SUM(AX77,AX112) -> 300000 | AY38: =SUM(AY77,AY112) -> 300000 | AZ38: =SUM(AZ77,AZ112) -> 300000 | BA38: =SUM(BA77,BA112) -> 300000 | BB38: =SUM(BB77,BB112) -> 300000 | ... BF38: =SUM(BF77,BF112) -> 300000 | BG38: =SUM(AU38:BF38) -> 3600000 | BI38: =SUM(BI77,BI112) -> 300000 | BJ38: =SUM(BJ77,BJ112) -> 300000 | BK38: =SUM(BK77,BK112) -> 300000 | BL38: =SUM(BL77,BL112) -> 300000 | BM38: =SUM(BM77,BM112) -> 300000 | BN38: =SUM(BN77,BN112) -> 300000 | BO38: =SUM(BO77,BO112) -> 300000 | BP38: =SUM(BP77,BP112) -> 300000 | ... BT38: =SUM(BT77,BT112) -> 300000 | BU38: =SUM(BI38:BT38) -> 3600000
B39: 무형자산상각비 | P39: =SUM(D39:O39) -> 0 | S39: =SUM(S78,S113) -> 1216570 | T39: =SUM(T78,T113) -> 1237533 | U39: =SUM(U78,U113) -> 1237533 | V39: =SUM(V78,V113) -> 1237533 | W39: =SUM(W78,W113) -> 1344074 | X39: =SUM(X78,X113) -> 1366828 | Y39: =SUM(Y78,Y113) -> 1366827 | Z39: =SUM(Z78,Z113) -> 1366827 | ... AD39: =SUM(AD78,AD113) -> 1238608 | AE39: =SUM(S39:AD39) -> 15712814 | AG39: =SUM(AG78,AG113) -> 1234462 | AH39: =SUM(AH78,AH113) -> 1234462 | AI39: =SUM(AI78,AI113) -> 1426855 | AJ39: =SUM(AJ78,AJ113) -> 1298593 | AK39: =SUM(AK78,AK113) -> 1298593 | AL39: =SUM(AL78,AL113) -> 1298593 | AM39: =SUM(AM78,AM113) -> 1298593 | AN39: =SUM(AN78,AN113) -> 1298593 | ... AR39: =SUM(AR78,AR113) -> 1166092 | AS39: =SUM(AG39:AR39) -> 15450615 | AU39: =SUM(AU78,AU113) -> 1298640 | AV39: =SUM(AV78,AV113) -> 1298640 | AW39: =SUM(AW78,AW113) -> 1298640 | AX39: =SUM(AX78,AX113) -> 1298640 | AY39: =SUM(AY78,AY113) -> 1298640 | AZ39: =SUM(AZ78,AZ113) -> 1298640 | BA39: =SUM(BA78,BA113) -> 1298640 | BB39: =SUM(BB78,BB113) -> 1298640 | ... BF39: =SUM(BF78,BF113) -> 1298640 | BG39: =SUM(AU39:BF39) -> 15583680 | BI39: =SUM(BI78,BI113) -> 1298640 | BJ39: =SUM(BJ78,BJ113) -> 1298640 | BK39: =SUM(BK78,BK113) -> 1298640 | BL39: =SUM(BL78,BL113) -> 1298640 | BM39: =SUM(BM78,BM113) -> 1298640 | BN39: =SUM(BN78,BN113) -> 1298640 | BO39: =SUM(BO78,BO113) -> 1298640 | BP39: =SUM(BP78,BP113) -> 1298640 | ... BT39: =SUM(BT78,BT113) -> 1298640 | BU39: =SUM(BI39:BT39) -> 15583680
B40: 잡비 | P40: =SUM(D40:O40) -> 0 | S40: =SUM(S79,S114) -> 0 | T40: =SUM(T79,T114) -> 0 | U40: =SUM(U79,U114) -> 0 | V40: =SUM(V79,V114) -> 0 | W40: =SUM(W79,W114) -> 0 | X40: =SUM(X79,X114) -> 0 | Y40: =SUM(Y79,Y114) -> 0 | Z40: =SUM(Z79,Z114) -> 0 | ... AD40: =SUM(AD79,AD114) -> 0 | AE40: =SUM(S40:AD40) -> 0 | AG40: =SUM(AG79,AG114) -> 0 | AH40: =SUM(AH79,AH114) -> 0 | AI40: =SUM(AI79,AI114) -> 0 | AJ40: =SUM(AJ79,AJ114) -> 0 | AK40: =SUM(AK79,AK114) -> 0 | AL40: =SUM(AL79,AL114) -> 0 | AM40: =SUM(AM79,AM114) -> 0 | AN40: =SUM(AN79,AN114) -> 0 | ... AR40: =SUM(AR79,AR114) -> 0 | AS40: =SUM(AG40:AR40) -> 0 | AU40: =SUM(AU79,AU114) -> 0 | AV40: =SUM(AV79,AV114) -> 0 | AW40: =SUM(AW79,AW114) -> 0 | AX40: =SUM(AX79,AX114) -> 0 | AY40: =SUM(AY79,AY114) -> 0 | AZ40: =SUM(AZ79,AZ114) -> 0 | BA40: =SUM(BA79,BA114) -> 0 | BB40: =SUM(BB79,BB114) -> 0 | ... BF40: =SUM(BF79,BF114) -> 0 | BG40: =SUM(AU40:BF40) -> 0 | BI40: =SUM(BI79,BI114) -> 0 | BJ40: =SUM(BJ79,BJ114) -> 0 | BK40: =SUM(BK79,BK114) -> 0 | BL40: =SUM(BL79,BL114) -> 0 | BM40: =SUM(BM79,BM114) -> 0 | BN40: =SUM(BN79,BN114) -> 0 | BO40: =SUM(BO79,BO114) -> 0 | BP40: =SUM(BP79,BP114) -> 0 | ... BT40: =SUM(BT79,BT114) -> 0 | BU40: =SUM(BI40:BT40) -> 0
B41: 협회비 | P41: =SUM(D41:O41) -> 0 | S41: =SUM(S80,S115) -> 0 | T41: =SUM(T80,T115) -> 0 | U41: =SUM(U80,U115) -> 0 | V41: =SUM(V80,V115) -> 0 | W41: =SUM(W80,W115) -> 0 | X41: =SUM(X80,X115) -> 0 | Y41: =SUM(Y80,Y115) -> 0 | Z41: =SUM(Z80,Z115) -> 0 | ... AD41: =SUM(AD80,AD115) -> 0 | AE41: =SUM(S41:AD41) -> 0 | AG41: =SUM(AG80,AG115) -> 0 | AH41: =SUM(AH80,AH115) -> 0 | AI41: =SUM(AI80,AI115) -> 0 | AJ41: =SUM(AJ80,AJ115) -> 0 | AK41: =SUM(AK80,AK115) -> 0 | AL41: =SUM(AL80,AL115) -> 0 | AM41: =SUM(AM80,AM115) -> 0 | AN41: =SUM(AN80,AN115) -> 0 | ... AR41: =SUM(AR80,AR115) -> 0 | AS41: =SUM(AG41:AR41) -> 0 | AU41: =SUM(AU80,AU115) -> 0 | AV41: =SUM(AV80,AV115) -> 0 | AW41: =SUM(AW80,AW115) -> 0 | AX41: =SUM(AX80,AX115) -> 0 | AY41: =SUM(AY80,AY115) -> 0 | AZ41: =SUM(AZ80,AZ115) -> 0 | BA41: =SUM(BA80,BA115) -> 0 | BB41: =SUM(BB80,BB115) -> 0 | ... BF41: =SUM(BF80,BF115) -> 0 | BG41: =SUM(AU41:BF41) -> 0 | BI41: =SUM(BI80,BI115) -> 0 | BJ41: =SUM(BJ80,BJ115) -> 0 | BK41: =SUM(BK80,BK115) -> 0 | BL41: =SUM(BL80,BL115) -> 0 | BM41: =SUM(BM80,BM115) -> 0 | BN41: =SUM(BN80,BN115) -> 0 | BO41: =SUM(BO80,BO115) -> 0 | BP41: =SUM(BP80,BP115) -> 0 | ... BT41: =SUM(BT80,BT115) -> 0 | BU41: =SUM(BI41:BT41) -> 0
B42: 외주용역비 | P42: =SUM(D42:O42) -> 0 | S42: =SUM(S81,S116) -> 20114400 | T42: =SUM(T81,T116) -> 10606575 | U42: =SUM(U81,U116) -> 41965350 | V42: =SUM(V81,V116) -> 97289430 | W42: =SUM(W81,W116) -> 118225910 | X42: =SUM(X81,X116) -> 145532520 | Y42: =SUM(Y81,Y116) -> 158381790 | Z42: =SUM(Z81,Z116) -> 131844930 | ... AD42: =SUM(AD81,AD116) -> 0 | AE42: =SUM(S42:AD42) -> 790080035 | AG42: =SUM(AG81,AG116) -> 0 | AH42: =SUM(AH81,AH116) -> 0 | AI42: =SUM(AI81,AI116) -> 0 | AJ42: =SUM(AJ81,AJ116) -> 0 | AK42: =SUM(AK81,AK116) -> 0 | AL42: =SUM(AL81,AL116) -> 0 | AM42: =SUM(AM81,AM116) -> 0 | AN42: =SUM(AN81,AN116) -> 0 | ... AR42: =SUM(AR81,AR116) -> 0 | AS42: =SUM(AG42:AR42) -> 0 | AU42: =SUM(AU81,AU116) -> 0 | AV42: =SUM(AV81,AV116) -> 0 | AW42: =SUM(AW81,AW116) -> 0 | AX42: =SUM(AX81,AX116) -> 0 | AY42: =SUM(AY81,AY116) -> 0 | AZ42: =SUM(AZ81,AZ116) -> 0 | BA42: =SUM(BA81,BA116) -> 0 | BB42: =SUM(BB81,BB116) -> 0 | ... BF42: =SUM(BF81,BF116) -> 0 | BG42: =SUM(AU42:BF42) -> 0 | BI42: =SUM(BI81,BI116) -> 0 | BJ42: =SUM(BJ81,BJ116) -> 0 | BK42: =SUM(BK81,BK116) -> 0 | BL42: =SUM(BL81,BL116) -> 0 | BM42: =SUM(BM81,BM116) -> 0 | BN42: =SUM(BN81,BN116) -> 0 | BO42: =SUM(BO81,BO116) -> 0 | BP42: =SUM(BP81,BP116) -> 0 | ... BT42: =SUM(BT81,BT116) -> 0 | BU42: =SUM(BI42:BT42) -> 0
B43: 매출채권 손상차손 | P43: =SUM(D43:O43) -> 0 | S43: =SUM(S117) -> 0 | T43: =SUM(T117) -> 0 | U43: =SUM(U117) -> 0 | V43: =SUM(V117) -> 0 | W43: =SUM(W117) -> 0 | X43: =SUM(X117) -> 0 | Y43: =SUM(Y117) -> 0 | Z43: =SUM(Z117) -> 0 | ... AD43: =SUM(AD117) -> 0 | AE43: =SUM(S43:AD43) -> 0 | AG43: =SUM(AG117) -> 0 | AH43: =SUM(AH117) -> 0 | AI43: =SUM(AI117) -> 0 | AJ43: =SUM(AJ117) -> 0 | AK43: =SUM(AK117) -> 0 | AL43: =SUM(AL117) -> 0 | AM43: =SUM(AM117) -> 0 | AN43: =SUM(AN117) -> 0 | ... AR43: =SUM(AR117) -> 0 | AS43: =SUM(AG43:AR43) -> 0 | AU43: =SUM(AU117) -> 0 | AV43: =SUM(AV117) -> 0 | AW43: =SUM(AW117) -> 0 | AX43: =SUM(AX117) -> 0 | AY43: =SUM(AY117) -> 0 | AZ43: =SUM(AZ117) -> 0 | BA43: =SUM(BA117) -> 0 | BB43: =SUM(BB117) -> 0 | ... BF43: =SUM(BF117) -> 0 | BG43: =SUM(AU43:BF43) -> 0 | BI43: =SUM(BI117) -> 0 | BJ43: =SUM(BJ117) -> 0 | BK43: =SUM(BK117) -> 0 | BL43: =SUM(BL117) -> 0 | BM43: =SUM(BM117) -> 0 | BN43: =SUM(BN117) -> 0 | BO43: =SUM(BO117) -> 0 | BP43: =SUM(BP117) -> 0 | ... BT43: =SUM(BT117) -> 0 | BU43: =SUM(BI43:BT43) -> 0
B44: 복구충당부채환입 | P44: =SUM(D44:O44) -> 0 | S44: =SUM(S118) -> 0 | T44: =SUM(T118) -> 0 | U44: =SUM(U118) -> 0 | V44: =SUM(V118) -> 0 | W44: =SUM(W118) -> 0 | X44: =SUM(X118) -> 0 | Y44: =SUM(Y118) -> 0 | Z44: =SUM(Z118) -> 0 | ... AD44: =SUM(AD118) -> 0 | AE44: =SUM(S44:AD44) -> 0 | AG44: =SUM(AG118) -> 0 | AH44: =SUM(AH118) -> 0 | AI44: =SUM(AI118) -> 0 | AJ44: =SUM(AJ118) -> 0 | AK44: =SUM(AK118) -> 0 | AL44: =SUM(AL118) -> 0 | AM44: =SUM(AM118) -> 0 | AN44: =SUM(AN118) -> 0 | ... AR44: =SUM(AR118) -> 0 | AS44: =SUM(AG44:AR44) -> 0 | AU44: =SUM(AU118) -> 0 | AV44: =SUM(AV118) -> 0 | AW44: =SUM(AW118) -> 0 | AX44: =SUM(AX118) -> 0 | AY44: =SUM(AY118) -> 0 | AZ44: =SUM(AZ118) -> 0 | BA44: =SUM(BA118) -> 0 | BB44: =SUM(BB118) -> 0 | ... BF44: =SUM(BF118) -> 0 | BG44: =SUM(AU44:BF44) -> 0 | BI44: =SUM(BI118) -> 0 | BJ44: =SUM(BJ118) -> 0 | BK44: =SUM(BK118) -> 0 | BL44: =SUM(BL118) -> 0 | BM44: =SUM(BM118) -> 0 | BN44: =SUM(BN118) -> 0 | BO44: =SUM(BO118) -> 0 | BP44: =SUM(BP118) -> 0 | ... BT44: =SUM(BT118) -> 0 | BU44: =SUM(BI44:BT44) -> 0
B45: 하자보수비 | P45: =SUM(D45:O45) -> 0 | S45: =SUM(S119) -> 0 | T45: =SUM(T119) -> 0 | U45: =SUM(U119) -> 0 | V45: =SUM(V119) -> 0 | W45: =SUM(W119) -> 0 | X45: =SUM(X119) -> 0 | Y45: =SUM(Y119) -> 0 | Z45: =SUM(Z119) -> 0 | ... AD45: =SUM(AD119) -> 0 | AE45: =SUM(S45:AD45) -> 0 | AG45: =SUM(AG119) -> 0 | AH45: =SUM(AH119) -> 0 | AI45: =SUM(AI119) -> 0 | AJ45: =SUM(AJ119) -> 0 | AK45: =SUM(AK119) -> 0 | AL45: =SUM(AL119) -> 0 | AM45: =SUM(AM119) -> 0 | AN45: =SUM(AN119) -> 0 | ... AR45: =SUM(AR119) -> 0 | AS45: =SUM(AG45:AR45) -> 0 | AU45: =SUM(AU119) -> 0 | AV45: =SUM(AV119) -> 0 | AW45: =SUM(AW119) -> 0 | AX45: =SUM(AX119) -> 0 | AY45: =SUM(AY119) -> 0 | AZ45: =SUM(AZ119) -> 0 | BA45: =SUM(BA119) -> 0 | BB45: =SUM(BB119) -> 0 | ... BF45: =SUM(BF119) -> 0 | BG45: =SUM(AU45:BF45) -> 0 | BI45: =SUM(BI119) -> 0 | BJ45: =SUM(BJ119) -> 0 | BK45: =SUM(BK119) -> 0 | BL45: =SUM(BL119) -> 0 | BM45: =SUM(BM119) -> 0 | BN45: =SUM(BN119) -> 0 | BO45: =SUM(BO119) -> 0 | BP45: =SUM(BP119) -> 0 | ... BT45: =SUM(BT119) -> 0 | BU45: =SUM(BI45:BT45) -> 0
B46: 주식보상비용 | P46: =SUM(D46:O46) -> 0 | S46: =SUM(S84,S120) -> 1791363 | T46: =SUM(T84,T120) -> 1618005 | U46: =SUM(U84,U120) -> 1791362 | V46: =SUM(V84,V120) -> 1733577 | W46: =SUM(W84,W120) -> 1791362 | X46: =SUM(X84,X120) -> 161186702 | Y46: =SUM(Y84,Y120) -> -8298831 | Z46: =SUM(Z84,Z120) -> 51579007 | ... AD46: =SUM(AD84,AD120) -> 12419029 | AE46: =SUM(S46:AD46) -> 271476029 | AG46: =SUM(AG84,AG120) -> 26929586 | AH46: =SUM(AH84,AH120) -> 25192194 | AI46: =SUM(AI84,AI120) -> 14419872 | AJ46: =SUM(AJ84,AJ120) -> 24891757 | AK46: =SUM(AK84,AK120) -> 25721483 | AL46: =SUM(AL84,AL120) -> 15666623 | AM46: =SUM(AM84,AM120) -> -36550069 | AN46: =SUM(AN84,AN120) -> 6747608 | ... AR46: =SUM(AR84,AR120) -> 12685085 | AS46: =SUM(AG46:AR46) -> 147408439 | AU46: =SUM(AU84,AU120) -> 12685085 | AV46: =SUM(AV84,AV120) -> 11457497 | AW46: =SUM(AW84,AW120) -> 12685085 | AX46: =SUM(AX84,AX120) -> 12275889 | AY46: =SUM(AY84,AY120) -> 12685085 | AZ46: =SUM(AZ84,AZ120) -> 12275889 | BA46: =SUM(BA84,BA120) -> 12685085 | BB46: =SUM(BB84,BB120) -> 12685085 | ... BF46: =SUM(BF84,BF120) -> 12685085 | BG46: =SUM(AU46:BF46) -> 149356648 | BI46: =SUM(BI84,BI120) -> 12685085 | BJ46: =SUM(BJ84,BJ120) -> 12685085 | BK46: =SUM(BK84,BK120) -> 12685085 | BL46: =SUM(BL84,BL120) -> 12685085 | BM46: =SUM(BM84,BM120) -> 12685085 | BN46: =SUM(BN84,BN120) -> 0 | BO46: =SUM(BO84,BO120) -> 0 | BP46: =SUM(BP84,BP120) -> 0 | ... BT46: =SUM(BT84,BT120) -> 0 | BU46: =SUM(BI46:BT46) -> 63425425
B47: 프로젝트손실충당부채전입액 > 재고자산 평가 손실 | P47: =SUM(D47:O47) -> 0 | S47: =SUM(S85,S121) -> 0 | T47: =SUM(T85,T121) -> 0 | U47: =SUM(U85,U121) -> 0 | V47: =SUM(V85,V121) -> 0 | W47: =SUM(W85,W121) -> 0 | X47: =SUM(X85,X121) -> 0 | Y47: =SUM(Y85,Y121) -> 0 | Z47: =SUM(Z85,Z121) -> 0 | ... AD47: =SUM(AD85,AD121) -> 0 | AE47: =SUM(S47:AD47) -> 0 | AG47: =SUM(AG85,AG121) -> 0 | AH47: =SUM(AH85,AH121) -> 0 | AI47: =SUM(AI85,AI121) -> 0 | AJ47: =SUM(AJ85,AJ121) -> 0 | AK47: =SUM(AK85,AK121) -> 0 | AL47: =SUM(AL85,AL121) -> 0 | AM47: =SUM(AM85,AM121) -> 0 | AN47: =SUM(AN85,AN121) -> 0 | ... AR47: =SUM(AR85,AR121) -> 0 | AS47: =SUM(AG47:AR47) -> 0 | AU47: =SUM(AU85,AU121) -> 0 | AV47: =SUM(AV85,AV121) -> 0 | AW47: =SUM(AW85,AW121) -> 0 | AX47: =SUM(AX85,AX121) -> 0 | AY47: =SUM(AY85,AY121) -> 0 | AZ47: =SUM(AZ85,AZ121) -> 0 | BA47: =SUM(BA85,BA121) -> 0 | BB47: =SUM(BB85,BB121) -> 0 | ... BF47: =SUM(BF85,BF121) -> 0 | BG47: =SUM(AU47:BF47) -> 0 | BI47: =SUM(BI85,BI121) -> 0 | BJ47: =SUM(BJ85,BJ121) -> 0 | BK47: =SUM(BK85,BK121) -> 0 | BL47: =SUM(BL85,BL121) -> 0 | BM47: =SUM(BM85,BM121) -> 0 | BN47: =SUM(BN85,BN121) -> 0 | BO47: =SUM(BO85,BO121) -> 0 | BP47: =SUM(BP85,BP121) -> 0 | ... BT47: =SUM(BT85,BT121) -> 0 | BU47: =SUM(BI47:BT47) -> 0
B48: Ⅲ. 영업이익(손실) | P48: =SUM(D48:O48) -> 0 | S48: =S5-S14 -> -1170085193 | T48: =T5-T14 -> -1178679591 | U48: =U5-U14 -> -1426308389 | V48: =V5-V14 -> -1453819062 | W48: =W5-W14 -> -1437842709 | X48: =X5-X14 -> -1654889323 | Y48: =Y5-Y14 -> -1417578684 | Z48: =Z5-Z14 -> -1502560375 | ... AD48: =AD5-AD14 -> -398454043 | AE48: =SUM(S48:AD48) -> -15646244757 | AG48: =AG5-AG14 -> -440748173 | AH48: =AH5-AH14 -> -389914730 | AI48: =AI5-AI14 -> -333708724 | AJ48: =AJ5-AJ14 -> -347854143 | AK48: =AK5-AK14 -> -331516448 | AL48: =AL5-AL14 -> -310449186 | AM48: =AM5-AM14 -> -195920965 | AN48: =AN5-AN14 -> -262487214 | ... AR48: =AR5-AR14 -> -66624548 | AS48: =SUM(AG48:AR48) -> -2921700973 | AU48: =AU5-AU14 -> -69395716 | AV48: =AV5-AV14 -> -65772897 | AW48: =AW5-AW14 -> -69813947 | AX48: =AX5-AX14 -> -69901996 | AY48: =AY5-AY14 -> -64280810 | AZ48: =AZ5-AZ14 -> -73868729 | BA48: =BA5-BA14 -> -62000427 | BB48: =BB5-BB14 -> -62813282 | ... BF48: =BF5-BF14 -> -63313427 | BG48: =SUM(AU48:BF48) -> -797056863 | BI48: =BI5-BI14 -> -58963050 | BJ48: =BJ5-BJ14 -> -57576916 | BK48: =BK5-BK14 -> -59781132 | BL48: =BL5-BL14 -> -57297132 | BM48: =BM5-BM14 -> -57098132 | BN48: =BN5-BN14 -> -47072047 | BO48: =BO5-BO14 -> -43922047 | BP48: =BP5-BP14 -> -43922047 | ... BT48: =BT5-BT14 -> -45674547 | BU48: =SUM(BI48:BT48) -> -6.0633319e+08
AG49: =SUM(AG48:AI48) -> -1164371627 | AS49: =-2921700973-AS48 -> 0
B50: 검증 | S50: =SUM(S15:S47)-SUM(S54:S85,S88:S121) -> 0 | T50: =SUM(T15:T47)-SUM(T54:T85,T88:T121) -> 0 | U50: =SUM(U15:U47)-SUM(U54:U85,U88:U121) -> 0 | V50: =SUM(V15:V47)-SUM(V54:V85,V88:V121) -> 0 | W50: =SUM(W15:W47)-SUM(W54:W85,W88:W121) -> 0 | X50: =SUM(X15:X47)-SUM(X54:X85,X88:X121) -> 0 | Y50: =SUM(Y15:Y47)-SUM(Y54:Y85,Y88:Y121) -> 0 | Z50: =SUM(Z15:Z47)-SUM(Z54:Z85,Z88:Z121) -> 0 | ... AD50: =SUM(AD15:AD47)-SUM(AD54:AD85,AD88:AD121) -> 0 | AG50: =SUM(AG15:AG47)-SUM(AG54:AG85,AG88:AG121) -> 0 | AH50: =SUM(AH15:AH47)-SUM(AH54:AH85,AH88:AH121) -> 0 | AI50: =SUM(AI15:AI47)-SUM(AI54:AI85,AI88:AI121) -> 0 | AJ50: =SUM(AJ15:AJ47)-SUM(AJ54:AJ85,AJ88:AJ121) -> 0 | AK50: =SUM(AK15:AK47)-SUM(AK54:AK85,AK88:AK121) -> 0 | AL50: =SUM(AL15:AL47)-SUM(AL54:AL85,AL88:AL121) -> 0 | AM50: =SUM(AM15:AM47)-SUM(AM54:AM85,AM88:AM121) -> 0 | AN50: =SUM(AN15:AN47)-SUM(AN54:AN85,AN88:AN121) -> 0 | ... AR50: =SUM(AR15:AR47)-SUM(AR54:AR85,AR88:AR121) -> 0 | AU50: =SUM(AU15:AU47)-SUM(AU54:AU85,AU88:AU121) -> 0 | AV50: =SUM(AV15:AV47)-SUM(AV54:AV85,AV88:AV121) -> 0 | AW50: =SUM(AW15:AW47)-SUM(AW54:AW85,AW88:AW121) -> 0 | AX50: =SUM(AX15:AX47)-SUM(AX54:AX85,AX88:AX121) -> 0 | AY50: =SUM(AY15:AY47)-SUM(AY54:AY85,AY88:AY121) -> 0 | AZ50: =SUM(AZ15:AZ47)-SUM(AZ54:AZ85,AZ88:AZ121) -> 0 | BA50: =SUM(BA15:BA47)-SUM(BA54:BA85,BA88:BA121) -> 0 | BB50: =SUM(BB15:BB47)-SUM(BB54:BB85,BB88:BB121) -> 0 | ... BF50: =SUM(BF15:BF47)-SUM(BF54:BF85,BF88:BF121) -> 0 | BI50: =SUM(BI15:BI47)-SUM(BI54:BI85,BI88:BI121) -> 0 | BJ50: =SUM(BJ15:BJ47)-SUM(BJ54:BJ85,BJ88:BJ121) -> 0 | BK50: =SUM(BK15:BK47)-SUM(BK54:BK85,BK88:BK121) -> 0 | BL50: =SUM(BL15:BL47)-SUM(BL54:BL85,BL88:BL121) -> 0 | BM50: =SUM(BM15:BM47)-SUM(BM54:BM85,BM88:BM121) -> 0 | BN50: =SUM(BN15:BN47)-SUM(BN54:BN85,BN88:BN121) -> 0 | BO50: =SUM(BO15:BO47)-SUM(BO54:BO85,BO88:BO121) -> 0 | BP50: =SUM(BP15:BP47)-SUM(BP54:BP85,BP88:BP121) -> 0 | ... BT50: =SUM(BT15:BT47)-SUM(BT54:BT85,BT88:BT121) -> 0
B51: 검증 | S51: =ROUND(S48-S122,0) -> 0 | T51: =ROUND(T48-T122,0) -> 0 | U51: =ROUND(U48-U122,0) -> 0 | V51: =ROUND(V48-V122,0) -> 0 | W51: =ROUND(W48-W122,0) -> 0 | X51: =ROUND(X48-X122,0) -> 0 | Y51: =ROUND(Y48-Y122,0) -> 0 | Z51: =ROUND(Z48-Z122,0) -> 0 | ... AD51: =ROUND(AD48-AD122,0) -> 0 | AG51: =ROUND(AG48-AG122,0) -> 0 | AH51: =ROUND(AH48-AH122,0) -> 0 | AI51: =ROUND(AI48-AI122,0) -> 0 | AJ51: =ROUND(AJ48-AJ122,0) -> 0 | AK51: =ROUND(AK48-AK122,0) -> 0 | AL51: =ROUND(AL48-AL122,0) -> 0 | AM51: =ROUND(AM48-AM122,0) -> 0 | AN51: =ROUND(AN48-AN122,0) -> 0 | ... AR51: =ROUND(AR48-AR122,0) -> 0 | AU51: =ROUND(AU48-AU122,0) -> 0 | AV51: =ROUND(AV48-AV122,0) -> 0 | AW51: =ROUND(AW48-AW122,0) -> 0 | AX51: =ROUND(AX48-AX122,0) -> 0 | AY51: =ROUND(AY48-AY122,0) -> 0 | AZ51: =ROUND(AZ48-AZ122,0) -> 0 | BA51: =ROUND(BA48-BA122,0) -> 0 | BB51: =ROUND(BB48-BB122,0) -> 0 | ... BF51: =ROUND(BF48-BF122,0) -> 0 | BI51: =ROUND(BI48-BI122,0) -> 0 | BJ51: =ROUND(BJ48-BJ122,0) -> 0 | BK51: =ROUND(BK48-BK122,0) -> 0 | BL51: =ROUND(BL48-BL122,0) -> 0 | BM51: =ROUND(BM48-BM122,0) -> 0 | BN51: =ROUND(BN48-BN122,0) -> 0 | BO51: =ROUND(BO48-BO122,0) -> 0 | BP51: =ROUND(BP48-BP122,0) -> 0 | ... BT51: =ROUND(BT48-BT122,0) -> 0
B53: Ⅱ.매출원가 | D53: =SUM(D54:D84) -> 0 | E53: =SUM(E54:E84) -> 0 | F53: =SUM(F54:F84) -> 0 | G53: =SUM(G54:G84) -> 258797857 | H53: =SUM(H54:H84) -> 426467798 | I53: =SUM(I54:I84) -> 399695739 | J53: =SUM(J54:J84) -> 508270896 | K53: =SUM(K54:K84) -> 578741170 | ... O53: =SUM(O54:O84) -> 1236076708 | P53: =SUM(D53:O53) -> 5579525622 | S53: =SUM(S54:S85) -> 910796112 | T53: =SUM(T54:T85) -> 955855517 | U53: =SUM(U54:U85) -> 1028820004 | V53: =SUM(V54:V85) -> 1136829065 | W53: =SUM(W54:W85) -> 25602884 | X53: =SUM(X54:X85) -> 23537713 | Y53: =SUM(Y54:Y85) -> 25516706 | Z53: =SUM(Z54:Z85) -> 25411538 | ... AD53: =SUM(AD54:AD85) -> 300784452 | AE53: =SUM(S53:AD53) -> 4572878619 | AG53: =SUM(AG54:AG85) -> 54054509 | AH53: =SUM(AH54:AH85) -> 43133489 | AI53: =SUM(AI54:AI85) -> 15176317 | AJ53: =SUM(AJ54:AJ85) -> 13032430 | AK53: =SUM(AK54:AK85) -> 11440598 | AL53: =SUM(AL54:AL85) -> 28226408 | AM53: =SUM(AM54:AM85) -> 12320003 | AN53: =SUM(AN54:AN85) -> 11696522 | ... AR53: =SUM(AR54:AR85) -> 10607679 | AS53: =SUM(AG53:AR53) -> 229845566 | AU53: =SUM(AU54:AU85) -> 4527645 | AV53: =SUM(AV54:AV85) -> 3624366 | AW53: =SUM(AW54:AW85) -> 4012692 | AX53: =SUM(AX54:AX85) -> 3859005 | AY53: =SUM(AY54:AY85) -> 3762136 | AZ53: =SUM(AZ54:AZ85) -> 3640776 | BA53: =SUM(BA54:BA85) -> 3012473 | BB53: =SUM(BB54:BB85) -> 1822851 | ... BF53: =SUM(BF54:BF85) -> 1436121 | BG53: =SUM(AU53:BF53) -> 32882840 | BI53: =SUM(BI54:BI85) -> 4173146 | BJ53: =SUM(BJ54:BJ85) -> 2787012 | BK53: =SUM(BK54:BK85) -> 1817228 | BL53: =SUM(BL54:BL85) -> 2507228 | BM53: =SUM(BM54:BM85) -> 2308228 | BN53: =SUM(BN54:BN85) -> 1817228 | BO53: =SUM(BO54:BO85) -> 1817228 | BP53: =SUM(BP54:BP85) -> 1817228 | ... BT53: =SUM(BT54:BT85) -> 1882228 | BU53: =SUM(BI53:BT53) -> 26488438
B54: 급여 | C54: 인건비 등 | G54: 214586220 | H54: 302204590 | I54: 323786520 | J54: 367899980 | K54: 423904370 | L54: 505177050 | M54: 512849850 | N54: 638135820 | O54: 865093415 | P54: =SUM(D54:O54) -> 4153637815 | Q54: 인원계획 조정(11월까지 매월 10명 증가 가정) | S54: 713344221 | T54: 741941091 | U54: 761886764 | V54: 782590991 | AE54: =SUM(S54:AD54) -> 2999763067 | AF54: 3명 퇴사 반영 | AI54: 0 | AJ54: 0 | AK54: 0 | AL54: 0 | AS54: =SUM(AG54:AR54) -> 0 | BG54: =SUM(AU54:BF54) -> 0 | BU54: =SUM(BI54:BT54) -> 0
B55: 상여 | C55: 인건비 등 | H55: 0 | I55: 0 | J55: 0 | K55: 0 | L55: 0 | M55: 0 | N55: 0 | O55: 0 | P55: =SUM(D55:O55) -> 0 | S55: 0 | T55: 0 | U55: 0 | V55: 0 | AE55: =SUM(S55:AD55) -> 0 | AI55: 0 | AJ55: 0 | AK55: 0 | AL55: 0 | AS55: =SUM(AG55:AR55) -> 0 | BG55: =SUM(AU55:BF55) -> 0 | BU55: =SUM(BI55:BT55) -> 0
B56: 퇴직급여 | C56: 인건비 등 | G56: 9339680 | H56: 17493400 | I56: 17726530 | J56: 11434728 | K56: 26112050 | L56: 17146350 | M56: 25354180 | N56: 22584420 | O56: 41329390 | P56: =SUM(D56:O56) -> 188520728 | Q56: 실적평균 | S56: 32707880 | T56: 25184740 | U56: 53542530 | V56: 45781770 | AE56: =SUM(S56:AD56) -> 157216920 | AF56: 약 3천만원 가정(전표 5천만원으로 이상하여 3천만원 가정) | AI56: 0 | AJ56: 0 | AK56: 0 | AL56: 0 | AS56: =SUM(AG56:AR56) -> 0 | BG56: =SUM(AU56:BF56) -> 0 | BU56: =SUM(BI56:BT56) -> 0
B57: 복리후생비 | C57: 인건비 등 | G57: 28925444 | H57: 51555305 | I57: 23163199 | J57: 52240047 | K57: 49483708 | L57: 56660626 | M57: 64689068 | N57: 77545784 | O57: 86419442 | P57: =SUM(D57:O57) -> 490682623 | Q57: 인원계획에 따라 +5% 반영 | S57: 82480608 | T57: 126557687 | U57: 115896775 | V57: 150814836 | AE57: =SUM(S57:AD57) -> 475749906 | AF57: 약 1억 가정(3월 실적 약 1억) | AI57: 0 | AJ57: 0 | AK57: 0 | AL57: 0 | AS57: =SUM(AG57:AR57) -> 0 | BG57: =SUM(AU57:BF57) -> 0 | BU57: =SUM(BI57:BT57) -> 0
B58: 감가상각비 | C58: 기타 | H58: 7359114 | I58: 22830345 | J58: 17287302 | K58: 5670801 | L58: 5914284 | M58: 4739400 | N58: 4739400 | O58: 4740057 | P58: =SUM(D58:O58) -> 73280703 | S58: 4739400 | T58: 4739400 | U58: 4739400 | V58: 4739400 | AE58: =SUM(S58:AD58) -> 18957600 | AI58: 0 | AJ58: 0 | AK58: 0 | AL58: 0 | AS58: =SUM(AG58:AR58) -> 0 | BG58: =SUM(AU58:BF58) -> 0 | BU58: =SUM(BI58:BT58) -> 0
B59: 여비교통비 | C59: 인건비 등 | H59: 1309021 | I59: 2591149 | J59: 1685530 | K59: 1072800 | L59: 2799130 | M59: 796500 | N59: 1318060 | O59: 1552060 | P59: =SUM(D59:O59) -> 13124250 | Q59: 실적평균 | S59: 499900 | T59: 988520 | U59: 1287300 | V59: 1091840 | AE59: =SUM(S59:AD59) -> 3867560 | AI59: 0 | AJ59: 0 | AK59: 0 | AL59: 0 | AS59: =SUM(AG59:AR59) -> 0 | BG59: =SUM(AU59:BF59) -> 0 | BU59: =SUM(BI59:BT59) -> 0
B60: 접대비 | C60: 기타 | H60: 0 | I60: 0 | J60: 0 | K60: 0 | L60: 0 | M60: 0 | N60: 0 | O60: 0 | P60: =SUM(D60:O60) -> 0 | S60: 0 | T60: 0 | U60: 0 | V60: 0 | AE60: =SUM(S60:AD60) -> 0 | AI60: 0 | AJ60: 0 | AK60: 0 | AL60: 0 | AS60: =SUM(AG60:AR60) -> 0 | BG60: =SUM(AU60:BF60) -> 0 | BU60: =SUM(BI60:BT60) -> 0
B61: 통신비 | C61: 기타 | H61: 100000 | I61: 100000 | J61: 100000 | K61: 100000 | L61: 135000 | M61: 0 | N61: 0 | O61: 66800 | P61: =SUM(D61:O61) -> 601800 | S61: 0 | T61: 0 | U61: 0 | V61: 0 | AE61: =SUM(S61:AD61) -> 0 | AI61: 0 | AJ61: 0 | AK61: 0 | AL61: 0 | AS61: =SUM(AG61:AR61) -> 0 | BG61: =SUM(AU61:BF61) -> 0 | BU61: =SUM(BI61:BT61) -> 0
B62: 수도광열비 | C62: 기타 | H62: 0 | I62: 0 | J62: 0 | K62: 0 | L62: 0 | M62: 0 | N62: 0 | O62: 0 | P62: =SUM(D62:O62) -> 0 | S62: 0 | T62: 0 | U62: 0 | V62: 0 | AE62: =SUM(S62:AD62) -> 0 | AI62: 0 | AJ62: 0 | AK62: 0 | AL62: 0 | AS62: =SUM(AG62:AR62) -> 0 | BG62: =SUM(AU62:BF62) -> 0 | BU62: =SUM(BI62:BT62) -> 0
B63: 세금과공과금 | C63: 기타 | G63: 1429130 | H63: 1893180 | I63: 1963170 | J63: 2308070 | K63: 2627130 | L63: 3086260 | M63: 3197360 | N63: 3908880 | O63: 3927770 | P63: =SUM(D63:O63) -> 24340950 | Q63: 전월기준 | S63: 3996940 | T63: 4163220 | U63: 4354840 | V63: 4509790 | AE63: =SUM(S63:AD63) -> 17024790 | AF63: 23년 2개월 평균 | AI63: 0 | AJ63: 0 | AK63: 0 | AL63: 0 | AS63: =SUM(AG63:AR63) -> 0 | BG63: =SUM(AU63:BF63) -> 0 | BU63: =SUM(BI63:BT63) -> 0
B64: 지급임차료 | C64: 기타 | H64: 2419094 | I64: 2907717 | J64: 3356127 | K64: 9908613 | L64: 17260346 | M64: 26994171 | N64: 30853200 | O64: 30978790 | P64: =SUM(D64:O64) -> 124678058 | Q64: 전월기준 | S64: 28911096 | T64: 17710851 | U64: 17023346 | V64: 17258118 | AE64: =SUM(S64:AD64) -> 80903411 | AF64: 23년 2개월 평균 | AI64: 0 | AJ64: 0 | AK64: 0 | AL64: 0 | AS64: =SUM(AG64:AR64) -> 0 | BG64: =SUM(AU64:BF64) -> 0 | BU64: =SUM(BI64:BT64) -> 0
B65: 수선비 | C65: 기타 | H65: 0 | I65: 0 | J65: 0 | K65: 0 | L65: 0 | M65: 0 | N65: 0 | O65: 0 | P65: =SUM(D65:O65) -> 0 | S65: 0 | T65: 0 | U65: 0 | V65: 0 | AE65: =SUM(S65:AD65) -> 0 | AI65: 0 | AJ65: 0 | AK65: 0 | AL65: 0 | AS65: =SUM(AG65:AR65) -> 0 | BG65: =SUM(AU65:BF65) -> 0 | BU65: =SUM(BI65:BT65) -> 0
B66: 보험료 | C66: 기타 | H66: 1228440 | I66: 0 | J66: 0 | K66: 0 | L66: 0 | M66: 0 | N66: 0 | O66: 0 | P66: =SUM(D66:O66) -> 1228440 | S66: 0 | T66: 0 | U66: 0 | V66: 0 | AE66: =SUM(S66:AD66) -> 0 | AI66: 0 | AJ66: 0 | AK66: 0 | AL66: 0 | AS66: =SUM(AG66:AR66) -> 0 | BG66: =SUM(AU66:BF66) -> 0 | BU66: =SUM(BI66:BT66) -> 0
B67: 차량유지비 | C67: 기타 | H67: 0 | I67: 0 | J67: 0 | K67: 0 | L67: 0 | M67: 0 | N67: 0 | O67: 0 | P67: =SUM(D67:O67) -> 0 | S67: 0 | T67: 0 | U67: 0 | V67: 0 | AE67: =SUM(S67:AD67) -> 0 | AI67: 0 | AJ67: 0 | AK67: 0 | AL67: 0 | AS67: =SUM(AG67:AR67) -> 0 | BG67: =SUM(AU67:BF67) -> 0 | BU67: =SUM(BI67:BT67) -> 0
B68: 운반비 | C68: 기타 | H68: 0 | I68: 0 | J68: 0 | K68: 0 | L68: 0 | M68: 0 | N68: 0 | O68: 0 | P68: =SUM(D68:O68) -> 0 | S68: 0 | T68: 0 | U68: 0 | V68: 0 | AE68: =SUM(S68:AD68) -> 0 | AI68: 0 | AJ68: 0 | AK68: 0 | AL68: 0 | AS68: =SUM(AG68:AR68) -> 0 | BG68: =SUM(AU68:BF68) -> 0 | BU68: =SUM(BI68:BT68) -> 0
B69: 경상연구개발비 | C69: 인건비 등 | H69: 0 | I69: 0 | J69: 0 | K69: 0 | L69: 0 | M69: 0 | N69: 0 | O69: 0 | P69: =SUM(D69:O69) -> 0 | S69: 0 | T69: 0 | U69: 0 | V69: 0 | AE69: =SUM(S69:AD69) -> 0 | AI69: 0 | AJ69: 0 | AK69: 0 | AL69: 0 | AS69: =SUM(AG69:AR69) -> 0 | BG69: =SUM(AU69:BF69) -> 0 | BU69: =SUM(BI69:BT69) -> 0
B70: 교육훈련비 | C70: 인건비 등 | H70: 400400 | I70: 0 | J70: 66000 | K70: 0 | L70: 500000 | M70: 6011030 | N70: 3988270 | O70: 120000 | P70: =SUM(D70:O70) -> 11085700 | S70: 0 | T70: 1803010 | U70: 1204000 | V70: 7608342 | AE70: =SUM(S70:AD70) -> 10615352 | AF70: 버퍼 : 월 3백만원 | AI70: 0 | AJ70: 0 | AK70: 0 | AL70: 0 | AS70: =SUM(AG70:AR70) -> 0 | BG70: =SUM(AU70:BF70) -> 0 | BU70: =SUM(BI70:BT70) -> 0
B71: 도서인쇄비 | C71: 기타 | H71: 151200 | I71: 1030050 | J71: 209600 | K71: 77850 | L71: 300020 | M71: 58500 | N71: 459500 | O71: 45900 | P71: =SUM(D71:O71) -> 2332620 | Q71: 실적평균 | S71: 22500 | T71: 496800 | U71: 78300 | V71: 63000 | AE71: =SUM(S71:AD71) -> 660600 | AF71: 전월 | AI71: 0 | AJ71: 0 | AK71: 0 | AL71: 0 | AS71: =SUM(AG71:AR71) -> 0 | BG71: =SUM(AU71:BF71) -> 0 | BU71: =SUM(BI71:BT71) -> 0
B72: 사무용품비 | C72: 기타 | H72: 0 | I72: 0 | J72: 0 | K72: 0 | L72: 0 | M72: 0 | N72: 0 | O72: 0 | P72: =SUM(D72:O72) -> 0 | S72: 0 | T72: 0 | U72: 0 | V72: 0 | AE72: =SUM(S72:AD72) -> 0 | AI72: 0 | AJ72: 0 | AK72: 0 | AL72: 0 | AS72: =SUM(AG72:AR72) -> 0 | BG72: =SUM(AU72:BF72) -> 0 | BU72: =SUM(BI72:BT72) -> 0
B73: 소모품비 | C73: 기타 | G73: 33343 | H73: 26433600 | I73: -14070763 | J73: 4903190 | K73: 3655861 | L73: 1695013 | M73: 1290499 | N73: 4201003 | O73: 1180567 | P73: =SUM(D73:O73) -> 29322313 | Q73: 실적평균 | S73: 1741962 | T73: 1122636 | U73: 1649559 | V73: 521578 | AE73: =SUM(S73:AD73) -> 5035735 | AF73: 전월 | AI73: 0 | AJ73: 0 | AK73: 0 | AL73: 0 | AS73: =SUM(AG73:AR73) -> 0 | BG73: =SUM(AU73:BF73) -> 0 | BU73: =SUM(BI73:BT73) -> 0
B74: 지급수수료 | C74: 로열티&기타 | G74: 4450000 | H74: 13866832 | I74: 16878463 | J74: 4687439 | K74: 7038702 | L74: 22199311 | M74: 56027418 | N74: 20859066 | O74: 15109150 | P74: =SUM(D74:O74) -> 161116381 | Q74: 실적평균 | S74: 21020635 | T74: 19303454 | U74: 23954307 | V74: 23322437 | W74: 25602884 | X74: 23537713 | Y74: 25516706 | Z74: 25411538 | AA74: 25152124 | AB74: 57972412 | AC74: 56600092 | AD74: 300784452 | AE74: =SUM(S74:AD74) -> 628178754 | AF74: 23년 6개월 평균 | AG74: 54054509 | AH74: 43133489 | AI74: 15176317 | AJ74: 13032430 | AK74: =136837343-SUM(AG74:AJ74) -> 11440598 | AL74: =165063751-SUM(AG74:AK74) -> 28226408 | AM74: =177383754-SUM(AG74:AL74) -> 12320003 | AN74: =189080276-SUM(AG74:AM74) -> 11696522 | AO74: 5190830 | AP74: =209240934-SUM(AG74:AO74) -> 14969828 | AQ74: 9996953 | AR74: =229845566-SUM(AG74:AQ74) -> 10607679 | AS74: =SUM(AG74:AR74) -> 229845566 | AT74: 7월 천만원 | AU74: 4527645 | AV74: =8152011-AU74 -> 3624366 | AW74: 4012692 | AX74: 3859005 | AY74: 3762136 | AZ74: =23426620-SUM(AU74:AY74) -> 3640776 | BA74: 3012473 | BB74: 1822851 | BC74: 1436121 | BD74: =30671797-SUM(AU74:BC74) -> 973732 | BE74: =31446719-SUM(AU74:BD74) -> 774922 | BF74: 1436121 | BG74: =SUM(AU74:BF74) -> 32882840 | BI74: =1686884+669784+842746+973732 -> 4173146 | BJ74: =300750+669784+842746+973732 -> 2787012 | BK74: =750+842746+973732 -> 1817228 | BL74: =690750+842746+973732 -> 2507228 | BM74: =491750+842746+973732 -> 2308228 | BN74: =750+842746+973732 -> 1817228 | BO74: =750+842746+973732 -> 1817228 | BP74: =750+842746+973732 -> 1817228 | BQ74: =110750+842746+973732 -> 1927228 | BR74: =750+842746+973732 -> 1817228 | BS74: =750+842746+973732 -> 1817228 | BT74: =65750+842746+973732 -> 1882228 | BU74: =SUM(BI74:BT74) -> 26488438
B75: 광고선전비 | C75: 마케팅 | H75: 0 | I75: 0 | J75: 0 | K75: 0 | L75: 0 | M75: 0 | N75: 0 | O75: 0 | P75: =SUM(D75:O75) -> 0 | S75: 0 | T75: 0 | U75: 0 | V75: 0 | AE75: =SUM(S75:AD75) -> 0 | AI75: 0 | AJ75: 0 | AK75: 0 | AL75: 0 | AS75: =SUM(AG75:AR75) -> 0 | BG75: =SUM(AU75:BF75) -> 0 | BU75: =SUM(BI75:BT75) -> 0
B76: 판매촉진비 | C76: 마케팅 | H76: 0 | I76: 0 | J76: 0 | K76: 0 | L76: 0 | M76: 0 | N76: 0 | O76: 0 | P76: =SUM(D76:O76) -> 0 | S76: 0 | T76: 0 | U76: 0 | V76: 0 | AE76: =SUM(S76:AD76) -> 0 | AI76: 0 | AJ76: 0 | AK76: 0 | AL76: 0 | AS76: =SUM(AG76:AR76) -> 0 | BG76: =SUM(AU76:BF76) -> 0 | BU76: =SUM(BI76:BT76) -> 0
B77: 건물관리비 | C77: 기타 | H77: 0 | I77: 0 | J77: 0 | K77: 0 | L77: 0 | M77: 0 | N77: 0 | O77: 0 | P77: =SUM(D77:O77) -> 0 | S77: 0 | T77: 0 | U77: 0 | V77: 0 | AE77: =SUM(S77:AD77) -> 0 | AI77: 0 | AJ77: 0 | AK77: 0 | AL77: 0 | AS77: =SUM(AG77:AR77) -> 0 | BG77: =SUM(AU77:BF77) -> 0 | BU77: =SUM(BI77:BT77) -> 0
B78: 무형자산상각비 | C78: 기타 | G78: 34040 | H78: 53622 | I78: 789359 | J78: 847098 | K78: 1024905 | L78: 1090530 | M78: 1090530 | N78: 1112405 | O78: 1216767 | P78: =SUM(D78:O78) -> 7259256 | S78: 1216570 | T78: 1237533 | U78: 1237533 | V78: 1237533 | AE78: =SUM(S78:AD78) -> 4929169 | AF78: 전월 | AI78: 0 | AJ78: 0 | AK78: 0 | AL78: 0 | AS78: =SUM(AG78:AR78) -> 0 | BG78: =SUM(AU78:BF78) -> 0 | BU78: =SUM(BI78:BT78) -> 0
B79: 잡비 | C79: 기타 | H79: 0 | I79: 0 | J79: 0 | K79: 0 | L79: 0 | M79: 0 | N79: 0 | O79: 0 | P79: =SUM(D79:O79) -> 0 | S79: 0 | T79: 0 | U79: 0 | V79: 0 | AE79: =SUM(S79:AD79) -> 0 | AI79: 0 | AJ79: 0 | AK79: 0 | AL79: 0 | AS79: =SUM(AG79:AR79) -> 0 | BG79: =SUM(AU79:BF79) -> 0 | BU79: =SUM(BI79:BT79) -> 0
B80: 협회비 | C80: 기타 | H80: 0 | I80: 0 | J80: 0 | K80: 0 | L80: 0 | M80: 0 | N80: 0 | O80: 0 | P80: =SUM(D80:O80) -> 0 | S80: 0 | T80: 0 | U80: 0 | V80: 0 | AE80: =SUM(S80:AD80) -> 0 | AI80: 0 | AJ80: 0 | AK80: 0 | AL80: 0 | AS80: =SUM(AG80:AR80) -> 0 | BG80: =SUM(AU80:BF80) -> 0 | BU80: =SUM(BI80:BT80) -> 0
B81: 외주용역비 | C81: 기타 | H81: 0 | I81: 0 | J81: 41245785 | K81: 48064380 | L81: 14553000 | M81: 4939820 | N81: 5214400 | O81: 184296600 | P81: =SUM(D81:O81) -> 298313985 | Q81: 실적평균 | S81: 20114400 | T81: 10606575 | U81: 41965350 | V81: 97289430 | AE81: =SUM(S81:AD81) -> 169975755 | AF81: 사업계획 (컴투스 개발 외주 포함비용) ~ 약 1억 | AI81: 0 | AJ81: 0 | AK81: 0 | AL81: 0 | AS81: =SUM(AG81:AR81) -> 0 | BG81: =SUM(AU81:BF81) -> 0 | BU81: =SUM(BI81:BT81) -> 0
B82: 매출채권및기타채권손상차손 | C82: 기타 | H82: 0 | I82: 0 | J82: 0 | K82: 0 | L82: 0 | M82: 0 | N82: 0 | O82: 0 | P82: =SUM(D82:O82) -> 0 | S82: 0 | T82: 0 | U82: 0 | V82: 0 | AE82: =SUM(S82:AD82) -> 0 | AI82: 0 | AJ82: 0 | AK82: 0 | AL82: 0 | AS82: =SUM(AG82:AR82) -> 0 | BG82: =SUM(AU82:BF82) -> 0 | BU82: =SUM(BI82:BT82) -> 0
B83: 운용리스료 | C83: 기타 | H83: 0 | I83: 0 | J83: 0 | K83: 0 | L83: 0 | M83: 0 | N83: 0 | O83: 0 | P83: =SUM(D83:O83) -> 0 | S83: 0 | T83: 0 | U83: 0 | V83: 0 | AE83: =SUM(S83:AD83) -> 0 | AI83: 0 | AJ83: 0 | AK83: 0 | AL83: 0 | AS83: =SUM(AG83:AR83) -> 0 | BG83: =SUM(AU83:BF83) -> 0 | BU83: =SUM(BI83:BT83) -> 0
B84: 주식보상비용 | C84: 기타 | H84: 0 | I84: 0 | J84: 0 | K84: 0 | L84: 0 | M84: 0 | N84: 0 | O84: 0 | P84: =SUM(D84:O84) -> 0 | S84: 0 | T84: 0 | U84: 0 | V84: 0 | AE84: =SUM(S84:AD84) -> 0 | AI84: 0 | AJ84: 0 | AK84: 0 | AL84: 0 | AS84: =SUM(AG84:AR84) -> 0 | BG84: =SUM(AU84:BF84) -> 0 | BU84: =SUM(BI84:BT84) -> 0
B85: 프로젝트손실충당부채전입액 > 재고자산 평가 손실 | C85: 기타 | H85: 0 | I85: 0 | J85: 0 | K85: 0 | L85: 0 | M85: 0 | N85: 0 | O85: 0 | P85: =SUM(D85:O85) -> 0 | S85: 0 | T85: 0 | U85: 0 | V85: 0 | AE85: =SUM(S85:AD85) -> 0 | AI85: 0 | AJ85: 0 | AK85: 0 | AL85: 0 | AS85: =SUM(AG85:AR85) -> 0 | BG85: =SUM(AU85:BF85) -> 0 | BU85: =SUM(BI85:BT85) -> 0
B86: III.매출총이익 | D86: =D5-D53 -> 0 | E86: =E5-E53 -> 0 | F86: =F5-F53 -> 0 | G86: =G5-G53 -> -258797857 | H86: =H5-H53 -> -426467798 | I86: =I5-I53 -> -399695739 | J86: =J5-J53 -> -508270896 | K86: =K5-K53 -> -578741170 | ... O86: =O5-O53 -> -1059971152 | P86: =SUM(D86:O86) -> -5403420066 | S86: =S5-S53 -> -875575000 | T86: =T5-T53 -> -920634405 | U86: =U5-U53 -> -993598892 | V86: =V5-V53 -> -1101607953 | W86: =W5-W53 -> 9618228 | X86: =X5-X53 -> 14179249 | Y86: =Y5-Y53 -> 9704406 | Z86: =Z5-Z53 -> 10840569 | ... AD86: =AD5-AD53 -> -300422480 | AE86: =SUM(S86:AD86) -> -4565008110 | AG86: =AG5-AG53 -> -53692537 | AH86: =AH5-AH53 -> -42771517 | AI86: =AI5-AI53 -> -14814345 | AJ86: =AJ5-AJ53 -> -12670458 | AK86: =AK5-AK53 -> -11078626 | AL86: =AL5-AL53 -> -27864436 | AM86: =AM5-AM53 -> -11958031 | AN86: =AN5-AN53 -> -11334550 | ... AR86: =AR5-AR53 -> -714478 | AS86: =SUM(AG86:AR86) -> -203970673 | AU86: =AU5-AU53 -> -4165673 | AV86: =AV5-AV53 -> -2308491 | AW86: =AW5-AW53 -> -2919027 | AX86: =AX5-AX53 -> -3115235 | AY86: =AY5-AY53 -> -3007432 | AZ86: =AZ5-AZ53 -> -2956681 | BA86: =BA5-BA53 -> -2311467 | BB86: =BB5-BB53 -> -1461771 | ... BF86: =BF5-BF53 -> -703796.5 | BG86: =SUM(AU86:BF86) -> -25052368 | BI86: =BI5-BI53 -> 2557312 | BJ86: =BJ5-BJ53 -> 3943446 | BK86: =BK5-BK53 -> 4913230 | BL86: =BL5-BL53 -> 4223230 | BM86: =BM5-BM53 -> 4422230 | BN86: =BN5-BN53 -> 4913230 | BO86: =BO5-BO53 -> 4913230 | BP86: =BP5-BP53 -> 4913230 | ... BT86: =BT5-BT53 -> 4848230 | BU86: =SUM(BI86:BT86) -> 54277058
B87: IV.판매비와관리비 | D87: =SUM(D88:D120) -> 0 | E87: =SUM(E88:E120) -> 0 | F87: =SUM(F88:F120) -> 0 | G87: =SUM(G88:G120) -> 1.5704491e+08 | H87: =SUM(H88:H120) -> 93454044 | I87: =SUM(I88:I121) -> 196180003 | J87: =SUM(J88:J121) -> 128280699 | K87: =SUM(K88:K121) -> 366885083 | L87: =SUM(L88:L121) -> 478459545 | M87: =SUM(M88:M121) -> 382405750 | N87: =SUM(N88:N121) -> 284158948 | O87: =SUM(O88:O121) -> 421900486 | P87: =SUM(D87:O87) -> 2508769471 | S87: =SUM(S88:S121) -> 294510193 | T87: =SUM(T88:T121) -> 258045186 | U87: =SUM(U88:U121) -> 432709497 | V87: =SUM(V88:V121) -> 352211109 | W87: =SUM(W88:W121) -> 1447460937 | X87: =SUM(X88:X121) -> 1669068572 | Y87: =SUM(Y88:Y121) -> 1427283090 | Z87: =SUM(Z88:Z121) -> 1513400944 | ... AD87: =SUM(AD88:AD121) -> 98031563 | AE87: =SUM(S87:AD87) -> 11081236647 | AG87: =SUM(AG88:AG121) -> 387055636 | AH87: =SUM(AH88:AH121) -> 347143213 | AI87: =SUM(AI88:AI121) -> 318894379 | AJ87: =SUM(AJ88:AJ121) -> 335183685 | AK87: =SUM(AK88:AK121) -> 320437822 | AL87: =SUM(AL88:AL121) -> 282584750 | AM87: =SUM(AM88:AM121) -> 183962934 | AN87: =SUM(AN88:AN121) -> 251152664 | ... AR87: =SUM(AR88:AR121) -> 65910070 | AS87: =SUM(AG87:AR87) -> 2717730300 | AU87: =SUM(AU88:AU121) -> 65230043 | AV87: =SUM(AV88:AV121) -> 63464406 | AW87: =SUM(AW88:AW121) -> 66894920 | AX87: =SUM(AX88:AX121) -> 66786761 | AY87: =SUM(AY88:AY121) -> 61273378 | AZ87: =SUM(AZ88:AZ121) -> 70912048 | BA87: =SUM(BA88:BA121) -> 59688960 | BB87: =SUM(BB88:BB121) -> 61351511 | ... BF87: =SUM(BF88:BF121) -> 62609630 | BG87: =SUM(AU87:BF87) -> 7.720045e+08 | BI87: =SUM(BI88:BI121) -> 61520362 | BJ87: =SUM(BJ88:BJ121) -> 61520362 | BK87: =SUM(BK88:BK121) -> 64694362 | BL87: =SUM(BL88:BL121) -> 61520362 | BM87: =SUM(BM88:BM121) -> 61520362 | BN87: =SUM(BN88:BN121) -> 51985277 | BO87: =SUM(BO88:BO121) -> 48835277 | BP87: =SUM(BP88:BP121) -> 48835277 | ... BT87: =SUM(BT88:BT121) -> 50522777 | BU87: =SUM(BI87:BT87) -> 6.6061025e+08
B88: 급여 | C88: 인건비 등 | G88: 71740770 | H88: 77231880 | I88: 69649380 | J88: 79227970 | K88: 129360737 | L88: 145677557 | M88: 127722980 | N88: 144741910 | O88: 204976875 | P88: =SUM(D88:O88) -> 1050330059 | Q88: 인원계획 조정(11월까지 매월 10명 증가 가정) | S88: 93806982 | T88: 102143134 | U88: 138373680 | V88: 130644662 | W88: 934580783 | X88: 917800682 | Y88: 893783361 | Z88: 962134146 | AA88: 808947862 | AB88: 520390885 | AC88: 463584101 | AD88: 119459980 | AE88: =SUM(S88:AD88) -> 6085650258 | AF88: 12월 실적 | AG88: 219862894 | AH88: 213054394 | AI88: 164561255 | AJ88: 208362412 | AK88: 191040112 | AL88: 185722901 | AM88: 132666072 | AN88: 90461526 | AO88: -10035289 | AP88: 39035205 | AQ88: 29901076 | AR88: 25322871 | AS88: =SUM(AG88:AR88) -> 1489955429 | AT88: 전월 | AU88: =27534240+223296 -> 27757536 | AV88: 27470626 | AW88: 28531639 | AX88: 29073306 | AY88: 29073306 | AZ88: 29015359 | BA88: 28473306 | BB88: 28473306 | BC88: 29081828 | BD88: 28473306 | BE88: 28473306 | BF88: =BE88 -> 28473306 | BG88: =SUM(AU88:BF88) -> 342370130 | BI88: =BF88*1.02 -> 29042772 | BJ88: =BI88 -> 29042772 | BK88: =BJ88 -> 29042772 | BL88: =BK88 -> 29042772 | BM88: =BL88 -> 29042772 | BN88: =BM88 -> 29042772 | BO88: =BN88 -> 29042772 | BP88: =BO88 -> 29042772 | BQ88: =BP88 -> 29042772 | ... BT88: =BS88 -> 29042772 | BU88: =SUM(BI88:BT88) -> 3.4851327e+08
B89: 상여 | C89: 인건비 등 | H89: 0 | I89: 0 | J89: 0 | K89: 0 | L89: 0 | M89: 0 | N89: 0 | O89: 0 | P89: =SUM(D89:O89) -> 0 | S89: 0 | T89: 0 | U89: 0 | V89: 0 | W89: 0 | X89: 0 | Y89: 0 | Z89: 0 | AA89: 0 | AB89: 0 | AC89: 0 | AD89: 0 | AE89: =SUM(S89:AD89) -> 0 | AG89: 0 | AH89: 0 | AI89: 0 | AJ89: 0 | AK89: 0 | AL89: 0 | AM89: 0 | AN89: 0 | AO89: 0 | AP89: 0 | AR89: 0 | AS89: =SUM(AG89:AR89) -> 0 | AV89: 0 | AW89: 0 | AX89: 0 | AY89: 0 | AZ89: 0 | BA89: 0 | BB89: 0 | BD89: 0 | BE89: 0 | BG89: =SUM(AU89:BF89) -> 0 | BU89: =SUM(BI89:BT89) -> 0
B90: 퇴직급여 | C90: 인건비 등 | G90: 375700 | H90: 375700 | I90: 372600 | J90: 375700 | K90: 813200 | L90: 833240 | M90: 4649920 | N90: 7606360 | O90: 9424590 | P90: =SUM(D90:O90) -> 24827010 | Q90: 실적평균 | S90: 2675700 | T90: 2675700 | U90: 33045740 | V90: 19553660 | W90: 48966070 | X90: 93854360 | Y90: 61564360 | Z90: 7500000 | AA90: 213944080 | AB90: 919203780 | AC90: 58392980 | AD90: 80089500 | AE90: =SUM(S90:AD90) -> 1541465930 | AF90: 퇴직자에따른 증가. 1분기 평균 가정(140명수준, 23년 1월 유사 가정 | AG90: 20619210 | AH90: 22833750 | AI90: 60122180 | AJ90: 16649880 | AK90: 15578010 | AL90: 15059750 | AM90: 37850790 | AN90: 160390150 | AO90: 33432940 | AP90: 23736140 | AQ90: 2486120 | AR90: 2805600 | AS90: =SUM(AG90:AR90) -> 411564520 | AT90: 전월 | AU90: 2486120 | AV90: 2486120 | AW90: 2598620 | AX90: 2598620 | AY90: 2598620 | AZ90: 2598620 | BA90: 2598620 | BB90: 2598620 | BC90: 2598620 | BD90: 2598620 | BE90: 2598620 | BF90: =BE90 -> 2598620 | BG90: =SUM(AU90:BF90) -> 30958440 | BI90: =BF90*1.02 -> 2650592.4 | BJ90: =BI90 -> 2650592.4 | BK90: =BJ90 -> 2650592.4 | BL90: =BK90 -> 2650592.4 | BM90: =BL90 -> 2650592.4 | BN90: =BM90 -> 2650592.4 | BO90: =BN90 -> 2650592.4 | BP90: =BO90 -> 2650592.4 | BQ90: =BP90 -> 2650592.4 | ... BT90: =BS90 -> 2650592.4 | BU90: =SUM(BI90:BT90) -> 31807109
B91: 복리후생비 | C91: 인건비 등 | G91: 4560131 | H91: 7996125 | I91: 45266414 | J91: 27887923 | K91: 65306438 | L91: 39937575 | M91: 42017615 | N91: 47502205 | O91: 60623587 | P91: =SUM(D91:O91) -> 341098013 | Q91: 인원계획에 따라 +5% 반영 | S91: 69195079 | T91: 44262310 | U91: 56007340 | V91: 63290882 | W91: 168979041 | X91: 149147586 | Y91: 144577659 | Z91: 142910847 | AA91: 129130025 | AB91: 42754726 | AC91: -74282943 | AD91: 52367605 | AE91: =SUM(S91:AD91) -> 988340157 | AF91: 약 1억 가정(3월 실적 약 1억)~인원 감소효과 가정 | AG91: 53272610 | AH91: 37427868 | AI91: 26316451 | AJ91: 41991674 | AK91: 41684629 | AL91: 27799557 | AM91: 19669996 | AN91: -36005983 | AO91: -1282407 | AP91: -1847609 | AQ91: 9730476 | AR91: 7785786 | AS91: =SUM(AG91:AR91) -> 226543048 | AT91: 3백만원 가정 | AU91: 3267547 | AV91: 2859731 | AW91: 3635409 | AX91: 3699174 | AY91: 3080161 | AZ91: 6978046 | BA91: 2737012 | BB91: 2603214 | BC91: 3209784 | BD91: 4363434 | BE91: 3653510 | BF91: 3000000 | BG91: =SUM(AU91:BF91) -> 43087022 | BH91: 3백만원 가정 | BI91: 3000000 | BJ91: 3000000 | BK91: 3000000 | BL91: 3000000 | BM91: 3000000 | BN91: 3000000 | BO91: 3000000 | BP91: 3000000 | BQ91: 3000000 | BR91: 3000000 | BS91: 3000000 | BT91: 3000000 | BU91: =SUM(BI91:BT91) -> 36000000
B92: 감가상각비 | C92: 기타 | G92: 5415866.5 | H92: -1943246.5 | I92: 1987891 | J92: 1907230 | K92: 14213425 | L92: 26143173 | M92: 31818426 | N92: 32822746 | O92: 33596521 | P92: =SUM(D92:O92) -> 145962032 | S92: 33329510 | T92: 33461625 | U92: 48673144 | V92: 52980156 | W92: 48847288 | X92: 44505262 | Y92: 41253178 | Z92: 41283178 | AA92: 41397842 | AB92: 41397842 | AC92: 11722939 | AD92: 15035863 | AE92: =SUM(S92:AD92) -> 453887827 | AF92: 전월 | AG92: 17185922 | AH92: 17511674 | AI92: 17348798 | AJ92: 17348798 | AK92: 17348798 | AL92: 17348798 | AM92: 16849294 | AN92: 15837912 | AO92: 15837912 | AP92: 5442880 | AQ92: 5438847 | AR92: 5490359 | AS92: =SUM(AG92:AR92) -> 168989992 | AT92: 전월 | AU92: =2869713+2569207 -> 5438920 | AV92: 5438920 | AW92: 5438920 | AX92: 5438920 | AY92: 5438920 | AZ92: 5438920 | BA92: 5438920 | BB92: 5438920 | BC92: 5438920 | BD92: 5438920 | BE92: 5438920 | BF92: =BE92 -> 5438920 | BG92: =SUM(AU92:BF92) -> 65267040 | BI92: 5438920 | BJ92: 5438920 | BK92: 5438920 | BL92: 5438920 | BM92: 5438920 | BN92: 5438920 | BO92: 5438920 | BP92: 5438920 | BQ92: 5438920 | BR92: 5438920 | BS92: 5438920 | BT92: 5438920 | BU92: =SUM(BI92:BT92) -> 65267040
B93: 여비교통비 | C93: 인건비 등 | G93: 337150 | H93: 784550 | I93: 355740 | J93: 1220575 | K93: 1921130 | L93: 1433300 | M93: 2471040 | N93: 1599270 | O93: 1995090 | P93: =SUM(D93:O93) -> 12117845 | Q93: 실적평균 | S93: 1613312 | T93: 1948510 | U93: 1949485 | V93: 1708010 | W93: 15524437 | X93: 5588388 | Y93: 11777991 | Z93: 6524492 | AA93: 4174372 | AB93: 1277380 | AC93: 2775773 | AD93: 776784 | AE93: =SUM(S93:AD93) -> 55638934 | AF93: 최근 3개월 평균 | AG93: 340600 | AH93: 650047 | AI93: 684700 | AJ93: 1058480 | AK93: 1284497 | AL93: 621500 | AM93: 1018600 | AN93: 754700 | AO93: 768400 | AP93: 651800 | AQ93: 778740 | AR93: 718300 | AS93: =SUM(AG93:AR93) -> 9330364 | AU93: 530800 | AV93: 744244 | AW93: 810056 | AX93: 526000 | AY93: 505700 | AZ93: 673400 | BA93: 664000 | BB93: 516528 | BC93: 840128 | BD93: 699000 | BE93: 1404286 | BF93: 664000 | BG93: =SUM(AU93:BF93) -> 8578142 | BI93: =AVERAGE(AU93:BC93) -> 645650.67 | BJ93: =BI93 -> 645650.67 | BK93: =BJ93 -> 645650.67 | BL93: =BK93 -> 645650.67 | BM93: =BL93 -> 645650.67 | BN93: =BM93 -> 645650.67 | BO93: =BN93 -> 645650.67 | BP93: =BO93 -> 645650.67 | BQ93: =BP93 -> 645650.67 | ... BT93: =BS93 -> 645650.67 | BU93: =SUM(BI93:BT93) -> 7747808
B94: 접대비 | C94: 기타 | G94: 0 | H94: 3937390 | I94: 5129607 | J94: 5189590 | K94: 3749300 | L94: 3261573 | M94: 3752500 | N94: 2866150 | O94: 4692840 | P94: =SUM(D94:O94) -> 32578950 | Q94: 실적평균 | S94: 6214670 | T94: 4939300 | U94: 5722030 | V94: 6149250 | W94: 4254764 | X94: 5252930 | Y94: 6343700 | Z94: 4259840 | AA94: 6472656 | AB94: 3767840 | AC94: 1723520 | AD94: 2391252 | AE94: =SUM(S94:AD94) -> 57491752 | AF94: 최근 3개월 평균 | AG94: 1537807 | AH94: 1798970 | AI94: 1104370 | AJ94: 2544400 | AK94: 1910200 | AL94: 3463500 | AM94: 1820100 | AN94: 3114700 | AO94: 2070050 | AP94: 899600 | AQ94: 1295955 | AR94: 2277300 | AS94: =SUM(AG94:AR94) -> 23836952 | AU94: 1160500 | AV94: 1452800 | AW94: 1567700 | AX94: 757800 | AY94: 1378300 | AZ94: 1451900 | BA94: 1754700 | BB94: 4540600 | BC94: 4247600 | BD94: 3355500 | BE94: 1764752 | BF94: 1500000 | BG94: =SUM(AU94:BF94) -> 24932152 | BH94: 1.5백만원 | BI94: 1500000 | BJ94: 1500000 | BK94: 1500000 | BL94: 1500000 | BM94: 1500000 | BN94: 1500000 | BO94: 1500000 | BP94: 1500000 | BQ94: 1500000 | BR94: 1500000 | BS94: 1500000 | BT94: 1500000 | BU94: =SUM(BI94:BT94) -> 18000000
B95: 통신비 | C95: 기타 | G95: 50150 | H95: 54400 | I95: 175100 | J95: 77141 | K95: 64600 | L95: 11050 | M95: 2100000 | N95: 111050 | O95: 82930 | P95: =SUM(D95:O95) -> 2726421 | Q95: 실적평균 | S95: 88370 | T95: 77320 | U95: 98960 | V95: 91250 | W95: 161670 | X95: 208680 | Y95: 187830 | Z95: 203190 | AA95: 365050 | AB95: 4953665 | AC95: 101383 | AD95: 140610 | AE95: =SUM(S95:AD95) -> 6677978 | AF95: 최근 3개월 평균 | AG95: 149870 | AH95: 133110 | AI95: 170296 | AJ95: 194912 | AK95: 214253 | AL95: 188260 | AM95: 317640 | AN95: 221923 | AO95: 361803 | AP95: 255003 | AQ95: 176631 | AR95: =174054+12750 -> 186804 | AS95: =SUM(AG95:AR95) -> 2570505 | AU95: 204903 | AV95: 181453 | AW95: 181393 | AX95: 231153 | AY95: 1964498 | AZ95: 485854 | BA95: 580978 | BB95: 438553 | BC95: 225353 | BD95: 225053 | BE95: 225353 | BF95: =BE95 -> 225353 | BG95: =SUM(AU95:BF95) -> 5169897 | BI95: =AVERAGE(AU95:BC95) -> 499348.67 | BJ95: =BI95 -> 499348.67 | BK95: =BJ95 -> 499348.67 | BL95: =BK95 -> 499348.67 | BM95: =BL95 -> 499348.67 | BN95: =BM95 -> 499348.67 | BO95: =BN95 -> 499348.67 | BP95: =BO95 -> 499348.67 | BQ95: =BP95 -> 499348.67 | ... BT95: =BS95 -> 499348.67 | BU95: =SUM(BI95:BT95) -> 5992184
B96: 수도광열비 | C96: 기타 | G96: 0 | H96: 0 | I96: 0 | J96: 0 | K96: 0 | L96: 0 | M96: 0 | N96: 0 | O96: 0 | P96: =SUM(D96:O96) -> 0 | S96: 0 | T96: 0 | U96: 0 | V96: 0 | W96: 0 | X96: 0 | Y96: 0 | Z96: 0 | AA96: 0 | AB96: 0 | AC96: 0 | AD96: 0 | AE96: =SUM(S96:AD96) -> 0 | AG96: 0 | AH96: 0 | AI96: 0 | AJ96: 0 | AK96: 0 | AL96: 0 | AM96: 0 | AN96: 0 | AO96: 0 | AP96: 0 | AR96: 0 | AS96: =SUM(AG96:AR96) -> 0 | AV96: 0 | AW96: 0 | AX96: 0 | AY96: 0 | AZ96: 0 | BA96: 0 | BD96: 0 | BE96: 0 | BG96: =SUM(AU96:BF96) -> 0 | BU96: =SUM(BI96:BT96) -> 0
B97: 세금과공과금 | C97: 기타 | G97: 72000000 | H97: 0 | I97: 126780 | J97: 583750 | K97: 0 | L97: 0 | M97: 0 | N97: 0 | O97: 434460 | P97: =SUM(D97:O97) -> 73144990 | Q97: 유상증자 관련 등록세 등 3천3백만원 이상 예상 | S97: 813250 | T97: 0 | U97: 0 | V97: 48240 | W97: 4616510 | X97: 4534820 | Y97: 4460970 | Z97: 5759040 | AA97: 4246320 | AB97: 3127940 | AC97: 2913930 | AD97: 1264530 | AE97: =SUM(S97:AD97) -> 31785550 | AF97: 최근 3개월 평균 | AG97: 28184000 | AH97: 1144480 | AI97: 1162010 | AJ97: 1107190 | AK97: 961790 | AL97: 925800 | AM97: 586130 | AN97: 886610 | AO97: 204000 | AP97: 307680 | AQ97: 139770 | AR97: 0 | AS97: =SUM(AG97:AR97) -> 35609460 | AT97: 1백만원 가정 | AU97: 786740 | AV97: 0 | AW97: 192960 | AX97: 0 | AY97: 0 | AZ97: 0 | BA97: 48240 | BB97: 250000 | BC97: 100000 | BD97: 0 | BE97: 0 | BF97: 500000 | BG97: =SUM(AU97:BF97) -> 1877940 | BI97: =500000+420*1350/12 -> 547250 | BJ97: =500000+420*1350/12 -> 547250 | BK97: =500000+420*1350/12 -> 547250 | BL97: =500000+420*1350/12 -> 547250 | BM97: =500000+420*1350/12 -> 547250 | BN97: =500000+420*1350/12 -> 547250 | BO97: =500000+420*1350/12 -> 547250 | BP97: =500000+420*1350/12 -> 547250 | ... BT97: =500000+420*1350/12 -> 547250 | BU97: =SUM(BI97:BT97) -> 6567000
B98: 지급임차료 | C98: 기타 | G98: 0 | H98: 0 | I98: 120000 | J98: 178000 | K98: 0 | L98: 0 | M98: 0 | N98: 220000 | O98: 220000 | P98: =SUM(D98:O98) -> 738000 | S98: 220000 | T98: 220000 | U98: 220000 | V98: 220000 | W98: 22670964 | X98: 18009022 | Y98: 34048396 | Z98: 52082336 | AA98: 30493889 | AB98: 9437261 | AC98: 110000 | AD98: -246215279 | AE98: =SUM(S98:AD98) -> -78483411 | AF98: 전월(11월부터 사무실 임차료 감소:-2천만원) | AG98: 110000 | AH98: 110000 | AI98: 110000 | AJ98: 110000 | AK98: 110000 | AL98: 110000 | AM98: 110000 | AN98: 110000 | AO98: 110000 | AP98: 535680 | AQ98: 535680 | AR98: 535680 | AS98: =SUM(AG98:AR98) -> 2597040 | AT98: 전월 | AU98: 535680 | AV98: 535680 | AW98: 535680 | AX98: 535680 | AY98: 535680 | AZ98: 535680 | BA98: 535680 | BB98: 535680 | BC98: 535680 | BD98: 535680 | BE98: 535680 | BF98: =BE98 -> 535680 | BG98: =SUM(AU98:BF98) -> 6428160 | BI98: 535680 | BJ98: 535680 | BK98: 535680 | BL98: 535680 | BM98: 535680 | BN98: 535680 | BO98: 535680 | BP98: 535680 | BQ98: 535680 | BR98: 535680 | BS98: 535680 | BT98: 535680 | BU98: =SUM(BI98:BT98) -> 6428160
B99: 경상연구개발비 | C99: 인건비 등 | P99: =SUM(D99:O99) -> 0 | W99: 0 | X99: 0 | Y99: 0 | Z99: 0 | AA99: 0 | AB99: 0 | AC99: 0 | AD99: 0 | AE99: =SUM(S99:AD99) -> 0 | AG99: 0 | AH99: 0 | AI99: 0 | AJ99: 0 | AK99: 0 | AL99: 0 | AM99: 0 | AN99: 0 | AO99: 0 | AP99: 0 | AR99: 0 | AS99: =SUM(AG99:AR99) -> 0 | AV99: 0 | AW99: 0 | AX99: 0 | AY99: 0 | AZ99: 0 | BA99: 0 | BD99: 0 | BE99: 0 | BG99: =SUM(AU99:BF99) -> 0 | BU99: =SUM(BI99:BT99) -> 0
B100: 수선비 | C100: 기타 | G100: 0 | H100: 0 | I100: 0 | J100: 0 | K100: 0 | L100: 0 | M100: 0 | N100: 0 | O100: 0 | P100: =SUM(D100:O100) -> 0 | S100: 0 | T100: 0 | U100: 0 | V100: 0 | W100: 0 | X100: 0 | Y100: 0 | Z100: 0 | AA100: 0 | AB100: 0 | AC100: 0 | AD100: 0 | AE100: =SUM(S100:AD100) -> 0 | AG100: 0 | AH100: 0 | AI100: 0 | AJ100: 0 | AK100: 0 | AL100: 0 | AM100: 0 | AN100: 0 | AO100: 0 | AP100: 0 | AR100: 0 | AS100: =SUM(AG100:AR100) -> 0 | AV100: 0 | AW100: 0 | AX100: 0 | AY100: 0 | AZ100: 0 | BA100: 0 | BD100: 0 | BE100: 0 | BG100: =SUM(AU100:BF100) -> 0 | BU100: =SUM(BI100:BT100) -> 0
B101: 보험료 | C101: 기타 | G101: 0 | H101: 0 | I101: 0 | J101: 449904 | K101: 1643154 | L101: 1456213 | M101: 1504754 | N101: 1456213 | O101: 1504754 | P101: =SUM(D101:O101) -> 8014992 | Q101: 전월기준 | S101: 1504754 | T101: 1359133 | U101: 1504754 | V101: 1456213 | W101: 2706254 | X101: 1456213 | Y101: -653755 | Z101: 3401538 | AA101: 3182553 | AB101: 3288638 | AC101: 3182553 | AD101: 3288638 | AE101: =SUM(S101:AD101) -> 25677486 | AF101: 최근 3개월 평균 | AG101: 3288638 | AH101: 3076468 | AI101: 3288638 | AJ101: 7661615 | AK101: 3380835 | AL101: 3281336 | AM101: 1030527 | AN101: 881532 | AO101: 853096 | AP101: 881532 | AQ101: 853096 | AR101: 917824 | AS101: =SUM(AG101:AR101) -> 29395137 | AU101: 917826 | AV101: 829004 | AW101: 917826 | AX101: 888219 | AY101: 1805081 | AZ101: 2965866 | BA101: 36292 | BB101: 36292 | BC101: 35121 | BD101: 36292 | BE101: 36294 | BF101: =BE101 -> 36294 | BG101: =SUM(AU101:BF101) -> 8540407 | BI101: =AVERAGE(AU101:BC101) -> 936836.33 | BJ101: =BI101 -> 936836.33 | BK101: =BJ101 -> 936836.33 | BL101: =BK101 -> 936836.33 | BM101: =BL101 -> 936836.33 | BN101: =BM101 -> 936836.33 | BO101: =BN101 -> 936836.33 | BP101: =BO101 -> 936836.33 | BQ101: =BP101 -> 936836.33 | ... BT101: =BS101 -> 936836.33 | BU101: =SUM(BI101:BT101) -> 11242036
...

Sheet 카탈리스터-별도
E1: 인원실적/계획 | F1: 43 | G1: 52 | H1: 61 | I1: 72 | J1: 78 | K1: 95 | L1: 105 | M1: 129 | N1: 133 | O1: 135 | S1: 142 | T1: 150 | U1: 150 | V1: 150
B2: ■ 카탈리스터 PL (2022/04) | F2: 33 | G2: =G1-F1 -> 9 | H2: =H1-G1 -> 9 | I2: =I1-H1 -> 11 | J2: =J1-I1 -> 6 | K2: =K1-J1 -> 17 | L2: =L1-K1 -> 10 | M2: =M1-L1 -> 24 | N2: =N1-M1 -> 4 | O2: =O1-N1 -> 2 | S2: =S1-O1 -> 7 | T2: =T1-S1 -> 8 | AG2: =SUM(AG5:AI5) -> 1085916 | AJ2: =SUM(AJ5:AL5) -> 1085916 | AM2: =SUM(AM5:AO5) -> 11085916 | AP2: =SUM(AP5:AR5) -> 12617145
D3: [추정]>> | W3: 실적 고려 약 1억씩 추가 반영
